age;income;experience;score_test;hours_worked;city;job_type;remote_work;salary
56;70201.18967961494;25;87.55972920431155;62;Chicago;Finance;Yes;106233.83347912796
69;51901.897395207045;39;70.80838058166027;36;Houston;Retail;Yes;87205.29104230268
46;38605.40929282667;4;63.324996406529735;77;Los Angeles;Finance;No;69369.28352181046
32;49949.7369551154;20;78.21550513047475;33;Los Angeles;IT;No;76587.11695517697
60;48965.29009481312;13;74.42909554186531;48;Phoenix;IT;No;71023.1488421622
25;11326.76855506262;3;73.02282657722371;39;Los Angeles;IT;Yes;49665.609628701226
38;41579.49711356512;22;87.16312039349403;49;Chicago;Retail;Yes;92451.86684068567
56;54713.05599425676;19;76.6713921321063;38;New York;Retail;Yes;77558.75560022953
36;43636.76652182321;14;77.63569073535484;72;Phoenix;Healthcare;No;70917.64908902685
40;40306.85957265501;28;71.72947441245904;58;New York;IT;No;83196.21523114102
28;63670.64293706846;7;83.81123139279526;75;Los Angeles;Finance;No;75942.85253236635
28;36251.81262836841;18;82.01875781307919;32;New York;IT;No;70102.40351786403
41;60674.33975706234;38;83.73659676894293;37;New York;IT;Yes;111085.47540736996
53;30008.83293817573;27;70.02736033363821;42;New York;Retail;No;67563.70568231349
57;91411.42903589277;26;88.04088460046995;65;New York;Education;Yes;114624.48774154384
41;46764.71709648114;3;93.38768423766373;52;New York;Retail;Yes;63876.30767016739
20;45151.02066055916;14;83.42038397324706;58;Los Angeles;Healthcare;Yes;70305.76239866165
39;67145.98854334878;34;66.90711712755709;59;New York;Healthcare;No;100130.64960767928
19;43719.42738790327;36;66.97797715763798;37;Houston;Healthcare;No;91539.78814740188
41;71823.91712488499;0;71.24623044406913;28;New York;Finance;Yes;79989.40377888623
61;55573.9074572979;2;69.3562278598148;52;Phoenix;IT;Yes;70601.86403976218
47;48224.03149180656;23;74.28907374312735;51;Houston;Education;Yes;79345.8994081554
55;46624.91144944437;26;81.32442466367847;73;Phoenix;IT;No;84764.42530036939
19;68113.88255645393;39;77.89952440749849;36;Los Angeles;IT;No;111198.25776111706
38;53457.308219052546;35;77.02289056386289;38;New York;IT;No;98204.73667150771
50;56484.63096786155;33;72.58797250199855;46;Houston;Retail;No;98413.2201603877
29;58115.02808905443;28;74.2615407283545;25;Chicago;Retail;Yes;95991.38424838534
39;51994.042778340365;23;82.96575507529002;54;Los Angeles;IT;Yes;100542.56065627965
61;57798.08339524975;23;54.88041972500185;75;New York;IT;Yes;94697.43943943063
42;48225.14865978514;3;74.88609591521268;56;New York;IT;Yes;44219.05605499893
66;49252.87052260136;2;77.87987594927326;53;Houston;Healthcare;Yes;90837.1887010282
44;33213.27607959937;33;82.83583068547293;39;Los Angeles;IT;Yes;94294.39016263104
59;54466.40376377596;22;64.89954060716175;44;New York;Healthcare;No;91766.96683505212
45;24206.884899316694;22;64.37090317546881;23;Los Angeles;IT;Yes;938840.2986478006
33;54253.37105916369;4;80.83954994878134;29;Chicago;IT;Yes;62173.96379576437
32;45790.75975752778;30;55.95547759743084;29;Los Angeles;Healthcare;Yes;89784.31510932418
64;55618.77664176467;5;88.32189110760785;43;Los Angeles;IT;Yes;84645.40633117365
68;34267.57498877486;36;77.2659199149281;40;Phoenix;IT;No;79777.4936393688
61;18209.639479420366;9;90.58721212843437;30;Phoenix;Finance;No;69508.38429762256
69;44737.02039539691;39;64.12927623430487;46;Chicago;Education;Yes;91527.41380232219
20;34311.30996714353;6;70.6364053128176;35;Phoenix;IT;No;62394.03273482068
54;23291.649751842764;38;50.92131673073114;45;New York;Finance;Yes;93770.91052696874
68;61519.749045418546;37;67.04310237004724;49;Chicago;Retail;Yes;92983.57937383304
24;74018.5734071306;20;73.16153119278121;68;Chicago;Healthcare;Yes;89125.4273731777
38;38045.72846338175;19;55.37292419991563;35;New York;Retail;No;71288.91002018488
26;48863.437591678194;2;71.05373187801601;26;New York;Education;Yes;68075.3998168592
56;45383.21574980282;21;55.12659823139756;35;Houston;Retail;Yes;72553.09682170826
35;40116.52367035695;3;72.42539815088574;54;Los Angeles;Retail;No;57382.82670142631
21;59956.05820832032;27;86.47111927108236;77;New York;IT;Yes;87096.6712487706
42;65152.121906429275;11;74.65020249885877;35;New York;IT;Yes;83843.26838881664
31;36970.89216101594;37;91.58207372611803;59;Phoenix;IT;No;90409.78526925041
67;50671.503006423554;35;82.86292563394609;31;Chicago;Retail;Yes;92644.34926616593
26;69267.99550900841;4;88.48147848606972;54;Houston;Healthcare;No;67943.22605041669
43;60335.54304822459;12;67.35054759121716;68;Los Angeles;Finance;No;79019.10138647593
19;62565.46157600733;22;67.10858371607398;40;New York;IT;No;79451.0113305757
37;70519.77961163622;29;78.45613416385369;69;Los Angeles;IT;No;108940.34485493884
45;70322.67758559875;36;59.22297908367141;62;Chicago;Healthcare;No;101768.07805115759
64;65429.639454545984;24;79.7114374976209;55;Chicago;Finance;No;97692.74912471128
24;52174.06122171771;26;71.76080183453071;67;New York;Retail;No;86208.36794252571
61;44262.75473812862;13;88.29996837546658;36;Chicago;Retail;No;72488.75734424987
25;51552.16647969778;35;81.79512254079411;51;Phoenix;Healthcare;No;101470.21140279472
64;41983.89970964947;38;85.96706430340127;60;New York;IT;No;81376.84575724488
52;20712.696904839766;15;67.45793918604953;25;Chicago;IT;Yes;77103.09171354795
31;45807.514012999396;21;85.48210268761729;43;Phoenix;Retail;No;82430.25427132405
34;55362.89365755831;20;89.44712494364283;46;New York;IT;Yes;79910.79810987468
53;41190.958733507316;20;74.61286176619659;39;Houston;Retail;Yes;958424.1022968545
67;47108.303191420884;7;67.60649380633512;44;Chicago;Retail;Yes;56660.49189271714
57;47689.449260499016;15;67.78212798765591;21;Los Angeles;IT;No;73485.04428681075
21;70352.85161328333;30;87.39012992015965;28;New York;Finance;Yes;109141.78257929384
19;44608.440889626465;9;101.84345742423311;47;Phoenix;Education;No;70812.02652352554
23;70349.50073275181;31;65.18354929824778;72;New York;IT;Yes;99007.74863824462
59;9312.642622280393;33;64.4147994995744;57;Houston;Retail;Yes;71061.42536595417
21;70217.83671993554;8;84.21414180674479;22;Chicago;Healthcare;Yes;82313.44744289407
46;69461.09172293937;16;67.46086470633355;39;Los Angeles;Retail;No;80309.45828803084
35;63533.820100837875;10;85.18355384228269;25;Los Angeles;IT;No;92772.69972851149
43;19821.229951943427;31;79.65346173526646;58;Houston;Retail;Yes;70061.21017834576
61;65283.30492833722;9;74.76022697502036;52;New York;Finance;Yes;80122.68668032641
51;49248.212364871244;21;79.41271534521688;74;New York;IT;No;80207.76967051941
27;12059.938401130094;16;78.80198369153393;20;Houston;Finance;Yes;59712.27351482594
53;69472.66561752044;3;73.20393502213824;56;New York;Retail;Yes;73461.0295006953
31;71662.59617823453;24;57.436389683615054;25;New York;IT;Yes;112673.46827034645
48;21432.31892202243;20;76.78650728589035;64;Los Angeles;IT;No;79216.11909675611
65;52631.3161295017;36;90.73060366064163;53;Chicago;Retail;Yes;105470.97906059913
32;70828.86682166274;37;58.912313367954766;66;New York;IT;Yes;110453.74866857329
25;68452.4197018572;0;65.34214979861055;34;New York;Finance;No;60859.75617006026
31;62540.91576739286;24;79.26826974766011;64;Houston;Retail;No;79535.9702724243
40;10291.206801537373;35;75.38591862732281;45;New York;Education;Yes;78277.87297753323
57;60943.14149953721;16;79.1118215958429;76;Phoenix;Finance;Yes;88095.97296422518
38;46728.44152439086;23;68.00681792172338;33;New York;Healthcare;Yes;80202.85918555844
33;64937.86293077742;1;86.62458286592306;77;New York;Retail;Yes;62980.98823165041
62;53842.42187650737;39;75.46900565690211;73;Los Angeles;IT;Yes;122069.97804466334
35;49701.77584566703;14;81.96985522343057;26;Houston;Education;Yes;77983.0702657836
64;59613.557741138546;31;78.20277410971096;65;New York;IT;Yes;85285.1626591011
41;47421.29943392363;38;76.75494967960992;77;New York;IT;No;98691.15331205066
43;49635.84080162087;5;81.26833657028129;50;Phoenix;IT;No;76264.2489987633
42;41671.64001306857;0;76.8648795396695;43;Houston;Retail;Yes;44594.444078194974
62;25918.865132231564;22;63.09800971904488;78;Chicago;Healthcare;No;61457.00669603283
58;58517.80210656907;38;85.87356825715965;50;New York;Education;Yes;117179.3586134933
46;37909.54520494145;16;83.18127286248183;48;New York;Retail;No;67903.114830327
32;46988.122009388986;33;53.9314960864219;61;Los Angeles;IT;Yes;90486.86918994159
62;54304.609376809;28;68.45799715124323;51;Houston;Retail;No;774445.4251741677
18;18721.735346518417;8;85.42360462492807;36;Chicago;Education;No;43860.7852988918
42;22079.76644484765;12;56.730714535221665;33;New York;Healthcare;Yes;49312.77900631067
24;45503.92135086196;5;84.43566881900745;59;New York;Healthcare;No;68618.70705036621
26;56818.452234494835;5;73.5877746434575;55;Chicago;Retail;No;85288.91756225284
41;61160.57405973742;19;88.40282570333991;77;Phoenix;Finance;Yes;76816.6982028374
18;26130.282561861393;2;74.98853210924537;67;Los Angeles;Healthcare;No;48836.177376621745
61;59549.47226619223;16;67.77932007004372;43;Los Angeles;Education;No;85992.416412451
25;46323.95572525496;11;78.0808566075914;64;Los Angeles;IT;No;78406.51904009139
41;36752.641323552845;0;74.69614510490014;73;Los Angeles;IT;No;60172.575768352355
28;40271.72215910944;16;66.89148865859319;46;New York;IT;Yes;80034.12323356097
68;62027.8599806025;2;97.18343483011387;44;New York;Retail;No;91245.54193073677
34;54110.08677628357;25;65.28901818415684;78;Phoenix;Retail;No;72986.75017603967
25;50754.59784132981;14;52.57044624940206;51;New York;Healthcare;Yes;86284.14896220947
52;53652.4360821185;35;90.81698968121492;71;New York;Retail;Yes;102017.50119986347
52;63921.4666492429;31;69.16436527684074;37;Chicago;IT;No;90510.50213150865
50;48543.50648895015;31;72.03226739034304;65;New York;IT;No;93952.98075219085
22;50814.78329681355;3;71.42093935370966;37;New York;Retail;Yes;64499.53861550886
59;67072.56110206708;17;69.30348565841675;56;New York;Retail;Yes;87305.76735253602
56;45026.20063605262;18;67.33807528736554;45;Houston;Education;Yes;83303.77589997038
58;59272.108929210226;34;65.03182697503036;28;Chicago;IT;No;104107.94702790392
45;42444.43278990288;39;75.64759761704566;79;Chicago;Retail;No;78228.8662831204
24;43761.98987882323;13;70.98012442324365;54;Phoenix;Healthcare;Yes;66870.30879471819
26;48439.25364800545;32;82.30362190333946;27;New York;Education;Yes;95400.09005030226
25;57729.09279480148;13;79.82694051616154;39;Los Angeles;IT;No;83610.45441299613
29;67912.72943826603;33;65.72487806474595;73;Houston;Retail;Yes;90244.60372755375
51;51448.178953081624;3;76.08521276072356;61;Los Angeles;IT;No;45740.048898214445
50;27502.446330146835;23;70.82161675878646;41;New York;Finance;Yes;77825.74778710355
65;59471.69440300907;28;65.08339557366334;38;New York;IT;Yes;115284.49784535318
40;86807.63261218564;18;81.89431570515133;49;New York;Finance;Yes;102312.78467074902
41;51630.032466010256;5;73.78674720691635;72;Los Angeles;Retail;No;56529.547275537465
54;24368.48541230631;32;70.92449979829522;47;New York;Finance;No;64528.57657983013
52;52544.79334206277;39;66.44432763576721;54;Chicago;Healthcare;No;99771.92678986033
61;49954.81095224241;18;64.72063238926661;62;Houston;Retail;No;92094.74890875131
57;48693.367349564156;0;94.88768023914545;30;New York;Healthcare;Yes;69500.47524311321
39;64181.14849965699;4;78.34118649629997;50;New York;Retail;Yes;83133.45317431932
44;70674.12179503587;26;64.08870962797184;68;Houston;Retail;Yes;88983.55577716217
52;60253.78617801624;15;77.87865898322814;67;Houston;IT;No;87862.15920706396
18;48004.128729933975;5;85.62016176795538;58;Los Angeles;Retail;Yes;51022.22867592609
52;66885.18176554445;39;76.67517612530042;55;Los Angeles;Finance;No;107881.89541579988
54;27592.55538178639;12;88.74021342133125;49;New York;IT;No;68677.01168388939
64;39259.158188990084;34;59.57186857930033;42;New York;Retail;Yes;86669.8978581763
31;40930.58332097405;18;55.086779526197894;38;New York;IT;No;86726.77553154627
20;49535.74028102098;11;77.60517421853753;31;New York;IT;No;71335.88632240644
18;57601.01993730257;15;77.76496143373883;34;New York;IT;No;75185.73638432528
22;46989.305774940745;9;41.60499821745758;50;New York;Retail;No;65892.63767282986
43;36409.46308246588;24;68.76423908797985;62;New York;Finance;No;78505.83830983612
31;64622.754270441954;19;64.91337685616544;56;Chicago;Healthcare;Yes;81980.3191607624
56;46468.149166929594;30;61.08053759296844;56;Los Angeles;IT;No;80259.34809067937
44;51531.9338130655;3;64.88958235390189;34;Chicago;IT;Yes;61296.59994716289
26;58266.016182138614;22;80.9578780159936;48;Houston;IT;Yes;72163.84754314792
32;50583.1641188442;1;64.82594978710291;69;Los Angeles;Retail;No;55890.943799292065
32;50649.07542116435;21;65.16877865418158;62;Chicago;IT;No;87095.88201305883
43;65457.10130653744;36;58.811946911423206;45;New York;IT;Yes;99735.99865890856
59;52270.54211855565;7;87.68909642515825;63;Phoenix;Retail;Yes;81730.50500138832
30;62941.954786857335;6;79.34632365470634;21;Phoenix;Retail;No;64178.53970865438
68;58170.01166477585;13;50.076437970970986;39;Los Angeles;Retail;No;59846.26297039323
49;80253.31316280374;2;65.17759920776814;34;Houston;IT;Yes;81874.44129961578
56;56141.20126803695;15;80.28517884394925;71;New York;Retail;No;63851.43361963182
66;59569.59905226159;18;87.81392548982836;23;Chicago;Retail;Yes;81914.29262320303
69;66524.85070994552;17;83.40838759366656;41;Chicago;IT;No;84577.97882504376
49;50954.26639925255;15;71.44317089742114;69;Chicago;Healthcare;No;71754.337123951
21;40432.20354905839;7;55.686231392069615;57;Houston;IT;No;69647.53332183397
47;42887.816283148146;32;83.70248993911311;42;Phoenix;IT;No;74220.26663161223
54;43032.39611746268;11;72.03103148679496;78;New York;IT;Yes;68083.08297849717
40;35745.03547704923;10;75.6886201461507;45;New York;Healthcare;No;58691.146571953876
56;54767.07753802826;4;73.22579561791503;70;New York;Retail;Yes;613530.225100368
62;40557.25177926374;26;61.44470500423732;30;Chicago;Retail;Yes;72819.05703344382
32;52922.79231802771;11;78.64250212222989;47;New York;IT;Yes;63932.60788886165
60;47619.88334434046;16;77.26459031113447;75;Phoenix;Healthcare;Yes;76346.50771015116
46;49375.677600612275;5;70.74211157085202;21;New York;Education;Yes;62313.753969408106
53;58340.84971743284;32;79.71105799862487;78;Houston;IT;Yes;87897.41670396578
30;41871.51313417178;4;61.26000452576694;27;New York;IT;No;65160.06636427935
49;59583.3656890516;27;72.30997224116891;48;New York;IT;No;69329.35014372083
24;73509.61799958428;13;75.2612747293579;30;New York;Retail;Yes;75424.3792260443
68;55146.63624427638;4;57.65072367864938;56;Phoenix;IT;No;64214.287911164756
39;38268.56472091297;32;74.42903389163946;37;Houston;IT;Yes;95612.23729068508
45;40774.72982990305;18;82.33645146681296;74;Phoenix;Retail;Yes;74331.35947143038
19;46276.056488223265;21;71.96769075957133;69;Houston;Retail;Yes;75604.11431295502
59;41076.64554395651;4;74.65885097485656;33;Phoenix;IT;Yes;61811.58467967211
62;35132.29535584925;1;80.62344039234166;73;Los Angeles;Finance;Yes;318446.7115145796
23;52316.10915442538;29;71.12199891133727;29;Houston;Retail;No;85870.08923142118
45;46682.04002411302;38;72.0220260045571;54;New York;IT;Yes;97031.65610050109
45;52845.81325337087;3;63.23296485467533;28;New York;IT;Yes;89662.97631947922
61;67795.81118322932;32;74.85063222679234;54;Chicago;IT;Yes;111111.25450642665
61;46454.70749113461;12;71.6515151639522;30;Chicago;Retail;No;67305.34618764816
37;32218.699929795333;19;79.99089795053322;63;Phoenix;Healthcare;Yes;814612.7856427288
47;44016.61261619673;6;80.63459954183239;31;Chicago;Retail;No;66298.78650659841
28;61556.37825674964;14;82.91209039012881;22;Phoenix;IT;Yes;90034.17338782587
45;60151.55406075432;22;69.91739649104869;72;New York;Retail;Yes;81310.79226383325
42;57779.59471420351;13;53.23418914375884;58;Houston;IT;Yes;74330.63586730987
56;40629.39915256845;22;82.41639746464774;33;New York;IT;No;85057.59231377814
50;61278.53927049048;18;79.31120964097408;75;New York;IT;No;77851.11921683756
18;64653.48617055599;28;68.6470839531391;47;New York;Education;Yes;93935.26103882413
44;39568.67555165036;19;80.54940199567338;30;New York;Retail;Yes;80306.34615532146
69;49376.44853686213;28;60.51410197483759;58;New York;Retail;Yes;105554.18800841479
30;80306.02945523168;23;85.30240212870275;44;New York;IT;Yes;92865.46797890183
58;38901.885853049185;17;71.6637544820595;40;Los Angeles;Retail;Yes;65383.690319527115
20;24423.69996134413;9;66.71072386995104;29;Los Angeles;IT;No;57020.31608219961
56;70743.56651697197;7;68.78298443761112;62;New York;Retail;No;80112.34752826237
23;67049.0715755684;25;72.68515013999787;34;Houston;Retail;Yes;81842.32657394225
25;43145.49014633863;28;74.87987926700536;38;New York;Retail;No;77997.10171411771
44;48305.1232719787;9;75.48280280399406;67;New York;IT;No;78136.90398619125
26;31625.974247165715;16;70.70392556041875;41;Houston;IT;Yes;74612.47064129796
54;51334.284089145534;1;77.0023957346148;40;Phoenix;Retail;Yes;58943.8728796181
50;67488.705730571;5;75.08279274333434;79;Phoenix;IT;No;84811.6694961374
68;41860.92737362583;4;68.52427004425601;71;Chicago;Healthcare;No;66215.31569246548
59;63156.52968179439;27;67.01809375578736;63;Houston;Finance;Yes;93662.72396316926
61;56955.85786085648;4;81.08365542894838;51;Phoenix;IT;No;71511.79573281089
41;58667.253363217096;17;80.24326035997905;69;New York;Retail;Yes;930357.4505462337
32;42735.362291204474;25;75.57136355161263;42;Los Angeles;IT;No;94177.52150862962
49;44680.637255997586;19;84.241954659902;32;New York;IT;Yes;565073.6840264243
49;22298.413482928976;26;55.386723438323656;24;Los Angeles;Education;No;68043.26008579748
41;41499.95881234841;11;69.35605358493297;23;New York;IT;Yes;63337.939412225176
58;67452.28187046888;6;63.43682887665356;47;Houston;Retail;Yes;64735.59845182559
69;36060.017088465895;2;97.56272265137851;33;Chicago;Education;Yes;67260.8169427206
66;38295.47519214643;9;82.13219820395986;27;New York;Finance;Yes;58562.22679396672
66;59602.84735560686;33;74.20938016341724;28;New York;IT;No;364471.6639992915
69;56041.5243798964;24;82.84990578846157;76;New York;Retail;Yes;96522.30876103614
29;60347.94874694451;34;86.16275663755115;70;New York;Retail;Yes;101737.0920162042
56;32551.69189864394;15;86.05631691524071;54;Houston;Healthcare;Yes;77275.31620128115
19;88460.8692395052;1;84.21703485100353;56;New York;Finance;No;75111.43085298459
20;31763.699387491244;23;72.37459676717938;40;New York;IT;Yes;83350.92627150295
66;52313.709706011025;9;69.98634580516048;77;Houston;IT;Yes;65507.70157313235
54;47620.167561971204;37;65.37810820019315;37;Chicago;Retail;No;91747.86933959983
66;32200.37723952429;21;80.02447266729007;52;Phoenix;IT;Yes;72940.52596297422
34;44446.858657801255;25;73.41064264671219;27;Los Angeles;Finance;No;86799.59654395068
66;50349.61401328805;38;70.81528969482804;70;Chicago;Retail;Yes;112397.23829816656
19;40250.40182204795;26;70.29338638272198;68;Chicago;IT;No;77716.40703186032
19;64058.35432302274;28;89.50192630634689;36;New York;Retail;Yes;855222.6446789517
45;47575.613818062935;37;84.52680412841671;62;Chicago;IT;No;101904.06976334516
40;29880.8799347257;19;93.30393856128165;50;Chicago;Finance;Yes;81511.78305132536
54;28608.117009960544;26;80.29016299892109;53;Los Angeles;Finance;Yes;101961.02021468426
49;59092.476359171844;19;75.56954440254898;25;Los Angeles;IT;Yes;76054.02402860772
50;27698.438259494957;18;74.74597549255076;41;New York;Healthcare;No;62688.61267633019
18;54746.39109573625;19;64.79698452738526;33;Los Angeles;IT;No;69366.60667780126
36;56669.82778500439;34;62.38581008248599;22;New York;Finance;Yes;92371.66305396697
19;35069.669541139745;1;80.07341021892874;31;Phoenix;IT;Yes;69618.11437581747
61;63361.071256623356;29;65.65321289516746;55;New York;Finance;No;92794.11329656259
43;24233.095643575518;33;77.11457753867236;31;Houston;IT;No;77813.46493535026
49;54446.88400997838;21;86.15466683095212;64;Chicago;Healthcare;No;81537.62338297565
23;49387.130996059874;2;68.34546066969104;21;New York;Education;No;57522.92478119815
49;48215.0303640366;5;95.10481634591578;21;New York;Finance;Yes;67382.42788531024
21;32331.550355291412;14;65.09304879055901;34;Los Angeles;Retail;Yes;57083.56472730517
28;35944.66993400111;26;84.90194756489846;42;New York;IT;Yes;101266.81089048975
34;74282.03037530897;9;79.24756181132362;48;Houston;Retail;No;83361.94276928245
55;68227.3251330763;8;86.94095249946152;36;Los Angeles;IT;Yes;80379.7867536725
41;61131.268827856984;32;63.83802388640311;51;Chicago;IT;Yes;107783.12093906634
22;64097.72155294532;31;98.07020916953611;26;New York;Finance;Yes;118027.47419649467
69;62690.20317006903;5;73.21224916217095;49;New York;Retail;Yes;63979.142062581726
51;45149.65681570687;35;81.76647939299282;47;Los Angeles;IT;Yes;88884.96331959296
23;50714.05327721527;1;89.44487488946501;33;New York;Education;Yes;64310.41106812375
39;27912.374329384867;28;68.95337932504785;63;Phoenix;IT;No;81645.66128658998
28;48654.56559788711;3;83.2572636294718;49;New York;IT;Yes;67965.00412091265
65;67751.2137430878;0;67.28530354778508;36;Los Angeles;IT;Yes;63006.43178222642
33;40089.39127614297;18;88.9696158045784;51;Los Angeles;Healthcare;No;81211.11385289271
50;65347.118070308396;25;67.39819268771267;65;Chicago;Finance;No;86053.77902616463
26;51373.78608040645;24;75.3850698249576;25;Los Angeles;Healthcare;No;89962.29342576262
23;29219.422014954016;9;78.0612070101196;70;Chicago;IT;Yes;52978.905281195504
33;33390.207299805326;14;82.84299769722615;43;Los Angeles;Retail;No;56529.10836400989
46;63789.54304561632;21;94.68476308426546;25;Los Angeles;Retail;Yes;89836.18830862764
20;58287.861278875775;20;70.4803101038551;46;New York;IT;Yes;108087.99057442287
37;51526.46109481438;21;86.38734774273607;37;Houston;Healthcare;No;81562.85084407682
53;45889.52278628082;35;94.70258448634137;43;New York;Retail;No;87691.3087826123
36;53158.51966442878;33;76.65733360864917;56;Los Angeles;Finance;Yes;105300.2441519075
43;63204.443738798735;29;69.49867249879709;75;Phoenix;Retail;No;99760.44354980197
20;72137.79920730928;24;57.699662605647084;43;New York;Retail;No;91849.72623236616
36;72855.26299160907;27;93.83275767411062;57;New York;IT;No;100075.83942418844
37;55579.39851137747;0;72.55555670075637;53;New York;Healthcare;Yes;51637.97101575154
49;47421.02464453219;3;64.98641500769449;59;Chicago;Retail;Yes;55786.79656415408
24;52193.720117282835;6;61.41669915790237;66;New York;Education;Yes;334908.18961464864
69;57831.8053588262;8;64.96785809609959;34;Chicago;Retail;Yes;78472.23079992001
58;57771.00415767637;35;84.19705293227165;30;Chicago;Retail;Yes;108335.53891087024
50;69619.79955710158;18;85.57868527674738;41;New York;IT;No;101991.06247286302
57;81736.33582874983;0;81.52121871455536;73;Houston;Healthcare;No;76385.89742485271
56;46921.180555788706;9;76.32337827353365;43;Los Angeles;Retail;Yes;88682.78733148667
35;82338.27363236694;35;62.54479410498664;20;New York;Retail;Yes;110552.42622096682
57;67583.5887013759;8;67.70059054097952;37;Phoenix;Finance;Yes;77690.78571551973
18;48487.65514722188;31;63.93380589318724;63;Los Angeles;Retail;No;81453.25132489161
28;72478.4725829762;31;80.72821005526265;31;New York;Retail;Yes;105269.32281974271
45;75284.72452128747;5;64.36687521138296;76;Chicago;IT;No;81345.72089037516
42;43095.5683370923;37;67.85753888946408;62;Chicago;Healthcare;No;86092.14159830262
67;75983.22878728472;16;73.16512757001493;47;Los Angeles;Retail;Yes;75966.26398222045
40;66126.24231553945;9;58.30199846903653;59;Chicago;IT;Yes;94537.51129971008
48;85528.38691968788;26;75.46771430840846;79;Chicago;IT;Yes;105869.56288435926
47;43639.421270007515;34;73.92847118964464;26;New York;IT;No;94075.44491548305
59;44698.59884396006;20;86.84209145961691;42;New York;Retail;No;78617.27018633248
52;19600.0680538499;24;66.80134454966247;40;New York;IT;No;79122.55685536026
24;58567.90880851943;27;62.00804481687665;53;Houston;Education;No;76844.74925907282
33;55628.768834280774;14;71.25940350408715;30;New York;Healthcare;Yes;75819.4067914844
43;41555.094926965;3;64.01908706563984;41;Los Angeles;IT;Yes;60387.499137077386
65;48772.23902767913;28;75.39154591813124;61;Los Angeles;Retail;No;685847.4963956246
69;30331.68484737327;8;56.40065138173394;54;Houston;IT;No;53066.4147196841
66;67976.67429247529;26;68.94654596622719;71;Los Angeles;Retail;No;94897.26022635128
19;42654.50788207535;25;65.7162833017778;48;Chicago;Retail;No;73693.74298003955
18;96410.73523431427;18;80.67757077086068;61;Los Angeles;Retail;Yes;108363.41287340401
65;47365.980489334506;27;66.89435290374635;47;Los Angeles;Retail;Yes;72900.47051170033
29;38605.717384275355;16;57.63904241401501;78;Chicago;Retail;No;67128.23299668163
22;43815.303218977075;19;72.98179903065451;37;Chicago;Retail;No;74193.93472794058
54;28820.58535183623;39;78.1988614027451;33;Los Angeles;Retail;Yes;93627.10933345374
49;57234.07836054413;38;72.28794806739275;37;Chicago;Finance;Yes;100063.00134314157
26;43701.50450331317;22;68.88677220780892;47;Houston;Finance;Yes;72281.97145837724
58;66968.79185596606;31;68.28437899415738;43;Los Angeles;IT;Yes;94092.04953520336
52;45878.787572383735;32;76.12948032442034;27;New York;IT;Yes;82863.17973995717
36;70766.6316752847;4;66.10551250760452;61;Los Angeles;Retail;No;55170.22735354678
65;61361.83623975561;33;71.71517028589466;73;Chicago;Finance;No;102665.44078780906
33;50428.95165077516;39;82.50446570887374;64;Los Angeles;IT;No;88075.46653131243
20;73703.48881026232;10;61.98676921094355;72;New York;Retail;No;94573.66607595992
37;64284.40191555814;2;74.56332980259728;27;Houston;IT;Yes;75276.98657565433
41;94193.19239994838;32;57.11010587202995;23;New York;Retail;No;113433.2382237882
50;43858.17132532693;10;77.27929670009954;46;New York;Retail;Yes;60176.86560175554
41;51149.24158187691;15;65.21190789200939;55;New York;Retail;No;67901.28674866173
69;73530.63516516394;17;85.19591813030794;24;Chicago;Healthcare;No;88506.96913971507
28;26846.932822473314;29;60.23052690354651;52;Los Angeles;Retail;Yes;78140.62427420498
66;69754.15344848843;9;79.42079036801007;68;New York;Retail;Yes;83404.2679500242
25;56589.54136522206;17;87.21131078526493;53;New York;IT;Yes;89019.50407561248
53;36676.83866829128;37;64.69310598579531;49;New York;IT;Yes;93790.04869978897
55;29554.405121733176;18;66.3811507100506;27;Phoenix;Retail;Yes;74634.00953099394
57;39912.65790304574;35;65.55804355623403;58;New York;Education;No;394757.26435210166
37;15727.706415116423;12;70.14137311595695;66;New York;Retail;No;48543.19905263831
52;42656.908344627445;2;80.17421799189465;45;Los Angeles;Healthcare;Yes;59360.1870389273
65;59338.345000138725;9;69.32495066112877;76;New York;Healthcare;Yes;75010.85258440043
42;42855.49038546758;37;63.79041774793643;56;New York;IT;No;91955.92691886426
52;70824.69052150712;0;54.8124629341671;53;Phoenix;IT;Yes;64470.938837526744
42;74899.21404087932;26;91.01947506512397;26;Chicago;IT;Yes;110868.79705013752
46;69134.66723938662;7;91.80495630414647;59;Chicago;Education;No;79718.3925407448
35;53459.613653965476;16;80.60237039488457;47;Los Angeles;IT;Yes;74656.54454037682
63;15129.81091270296;8;66.89616305575015;58;New York;Retail;Yes;62795.43199771993
35;39444.53761951091;5;82.47702115131646;58;Houston;Finance;Yes;64630.66399337213
19;47869.422098384195;24;84.48706917493067;47;Los Angeles;Retail;Yes;93471.7368008749
52;36591.985257427834;38;72.45751868587266;33;Houston;Finance;Yes;84241.81831119952
33;47907.417867701435;27;75.41368543998891;72;New York;Retail;Yes;88625.53808011775
58;74151.01203040069;32;87.31768229489492;69;New York;IT;Yes;114192.50596026059
53;25313.35205727023;36;58.59538642943592;57;New York;IT;No;72814.51455367722
50;77175.3808417854;8;84.98422823122173;23;New York;Education;No;72390.46658878322
21;63270.89632631206;17;71.90846188643486;61;New York;IT;No;95504.30664018824
50;54023.25212416543;20;63.874216979889496;37;Chicago;Finance;Yes;73622.29722687407
31;39295.75166388854;1;64.69693526705662;63;New York;Retail;Yes;49887.17966447164
38;36890.74481762862;37;66.35277865480911;67;Chicago;Retail;Yes;87743.84476584486
65;25606.734281168905;39;62.89929279898797;44;Houston;Education;No;82104.66799153018
37;75751.48220471581;35;92.71388974389016;26;Houston;Retail;Yes;94486.34018872127
25;73064.17340111062;36;79.91202938501002;57;New York;Finance;Yes;119190.17538202682
24;28905.730571250766;14;85.64482753608569;47;Los Angeles;IT;Yes;71398.91822535927
20;41710.58007640698;27;80.62368291616679;24;Chicago;IT;No;93491.10581725584
34;56497.17153847863;17;75.61227608470173;22;Los Angeles;IT;No;72076.06692107487
50;45507.36292741688;33;75.74755323365632;63;New York;Education;Yes;77893.68820236059
65;21219.878644522734;21;71.02487361090138;50;Los Angeles;Retail;No;55630.080168427936
29;40133.40859166467;10;71.84217623559829;66;Chicago;Healthcare;Yes;58445.153495157465
68;79265.51447030029;12;60.918966261871084;61;New York;Retail;Yes;82877.63736729829
39;41150.32114378334;3;85.81826151040264;77;New York;Healthcare;Yes;56067.452661675605
39;47547.98994946689;21;56.86766713996955;39;New York;Retail;Yes;80934.95766522612
63;32822.33863946929;6;64.41389409470801;38;New York;Retail;Yes;64662.15619666702
47;58816.44477925622;23;95.1203413096061;67;Los Angeles;IT;No;98386.80231562258
55;51727.27698536876;3;76.36172883064826;79;Houston;IT;No;77222.71978977336
55;38869.70387664532;27;76.77710445030199;30;Houston;Retail;Yes;85792.28961597776
62;30430.169062888624;14;81.37338547767729;59;Houston;Retail;Yes;60481.289398060646
68;71068.15061016314;0;59.59662506878605;22;New York;Retail;Yes;64877.727106971746
25;25916.848900383797;2;61.06206633529977;42;Los Angeles;Retail;Yes;57329.86539222384
44;57557.23543384332;13;70.55105653451153;26;New York;Retail;No;72168.50213933655
44;17691.811329326403;37;65.9663904245231;42;Houston;Finance;Yes;70734.20977868723
51;60608.17524518574;0;74.250440349906;26;New York;IT;No;64024.22528739021
38;64554.48330890091;37;79.85549295302135;65;Los Angeles;Finance;Yes;117871.68547866761
47;66421.75567459871;37;88.89163047870596;53;New York;IT;Yes;118466.18748886047
50;47581.87297145198;20;83.1108833978959;61;Los Angeles;IT;Yes;78301.15798995427
45;73760.05408345544;28;65.05723288311046;38;Los Angeles;Retail;No;93036.46914185892
64;84616.87542494101;4;71.25035922052207;77;Houston;Retail;No;75463.84055326442
50;45175.65295931055;9;68.53054828750385;28;Chicago;IT;Yes;62771.47462310274
22;43234.92454805109;27;64.8343912098765;67;Los Angeles;IT;No;83599.00257924022
65;52237.65890517404;20;62.55824887322167;70;New York;IT;No;97024.43214126513
36;42834.79781158689;6;91.6431238772454;37;Los Angeles;IT;Yes;83106.11794154524
21;40641.94705984819;2;75.1064224323265;60;Phoenix;Retail;Yes;54708.750091265356
52;41948.92189637736;19;72.75769793395251;67;New York;Healthcare;Yes;76524.19226429777
66;75736.34012009368;18;79.84257566594302;64;Phoenix;Retail;Yes;87545.68574099225
34;61578.22992553148;34;80.33746103741574;61;New York;Retail;No;112345.88081891119
61;42785.80809112863;3;86.18825653706422;44;Chicago;Retail;Yes;53348.381592549355
45;13173.12461416571;4;67.56338386633234;71;New York;IT;Yes;39565.542796963426
47;26833.032595902987;0;79.0272221687282;33;New York;Retail;Yes;50693.63059740958
46;57551.43623902817;3;65.88826023649172;63;New York;IT;Yes;75902.23012253355
63;18176.66087916774;11;73.09842056261272;44;New York;IT;Yes;66203.96237745616
23;54394.90291177934;26;75.56742567162054;38;New York;IT;No;98925.8387288941
52;34016.544127024616;22;76.54483995719062;58;New York;IT;Yes;74131.92198913354
58;51377.0866187101;24;76.10321105847191;74;Chicago;Healthcare;Yes;95948.58255425164
54;50957.84452001214;20;83.0183098254492;34;Chicago;IT;Yes;86298.93470930407
41;51808.84900836066;23;69.03011609024227;35;Chicago;IT;No;83712.2806783229
46;44083.672293822194;24;76.81674272903471;46;New York;Retail;Yes;92146.880353088
66;43590.715615884015;31;67.410951604796;59;Houston;Education;Yes;80534.56346818693
63;39188.14371595342;31;104.20752565885881;29;Chicago;Finance;Yes;88504.24854081578
48;57258.38475862835;4;65.87135682236371;23;New York;Healthcare;Yes;67614.9832026827
52;62077.89012171423;35;67.99347345655445;70;New York;Education;Yes;101448.26792228577
50;31715.412161958106;38;83.8264807701312;38;New York;Retail;No;71999.03683471732
69;49225.57291561596;15;70.70534856498841;47;Los Angeles;Education;No;73517.94264125219
38;52948.73110231607;32;83.8304612770103;40;Chicago;IT;Yes;87821.18381244224
49;52756.56701934563;20;76.53022593725885;78;Chicago;IT;Yes;95704.72503166742
40;52501.544293947765;8;70.9681073344621;66;New York;Education;No;76902.03958766624
50;43969.47784482164;5;67.47244650875223;33;New York;Retail;Yes;904044.437197764
20;54185.456381938086;34;67.11163438363127;52;New York;Finance;Yes;110284.17311420082
35;59270.4306647543;38;71.07678997487258;67;New York;Retail;Yes;106297.21309484832
42;52115.54983733846;21;73.25603681655203;29;Phoenix;Finance;No;81200.72471587907
59;57589.09754800586;4;66.68118756576126;38;Los Angeles;Finance;No;63487.40825669931
48;64855.3011655626;22;73.90767569813455;49;Phoenix;Finance;Yes;88479.45214003226
20;22235.89463157098;16;64.05884707331992;41;Chicago;IT;Yes;72960.7034769031
57;64151.95762798051;11;82.55901216596352;22;Chicago;Retail;No;489852.1332469831
63;55136.41647831912;22;84.47362399459965;56;Chicago;Healthcare;Yes;74040.29311604114
41;33325.6200839191;15;67.95674809791468;60;Chicago;Education;No;53008.978923791634
67;62037.06323479533;2;67.3982694488478;37;Houston;Finance;Yes;67761.42832662359
49;44025.18640964058;29;76.77916807009872;30;Los Angeles;IT;No;102228.15759972823
64;46070.503455221704;21;87.65366093031565;67;Houston;Retail;No;80306.06286668607
39;42384.80326301507;8;89.86663664253174;21;Los Angeles;Retail;Yes;64820.145821295664
40;54535.98266357337;28;60.97257276763733;31;Chicago;Education;Yes;77046.03050709357
19;38219.7028623192;36;85.06304829651523;73;Los Angeles;IT;Yes;84504.73705723831
44;63522.119449216785;22;74.38446662064806;25;New York;IT;Yes;74583.60196313454
59;47917.06119207993;12;74.57810299539464;62;Los Angeles;Education;No;86534.44396959004
19;44536.96274768094;31;80.0471236565056;78;New York;Finance;Yes;87797.61215544409
43;61293.135164209554;22;70.19042529583886;59;Houston;Education;No;84107.8470831986
34;45206.64856521379;16;85.96700632108305;63;Los Angeles;Retail;Yes;59670.654546893005
57;64222.65238043452;39;89.23962271769807;48;New York;IT;No;107209.8822571474
50;64693.89426261299;20;89.61284277535236;78;New York;Retail;Yes;95665.69288408013
26;29977.942426715344;1;56.560852117347196;49;New York;Retail;No;28588.984257569755
60;66638.90303334386;36;72.7034273127157;21;New York;Healthcare;Yes;100342.0280311602
65;28069.460427471717;5;55.64769415192242;28;Houston;IT;Yes;54161.93729863297
56;67573.70790323766;17;67.34719938056658;66;Chicago;Retail;Yes;85438.23485025358
46;80425.35788345359;29;51.025011288703425;21;Houston;Retail;Yes;985625.1147938585
59;63122.51657403697;21;79.50266634639486;48;New York;Retail;Yes;90717.61526480947
43;17645.290329504904;32;77.19309635580174;52;Los Angeles;Retail;Yes;103265.00808780057
52;65953.48579079028;29;70.67398893443234;29;New York;IT;No;95388.3168241252
67;83691.93448904017;16;67.08851889449699;53;New York;Healthcare;Yes;93677.5529275236
42;45454.52538502956;31;78.1403162435367;63;Houston;Finance;No;97026.93643107233
41;49479.45019955165;13;64.88577928628904;74;Houston;Retail;Yes;71438.99008322616
30;32172.69917110352;9;64.20537885232673;27;Chicago;Retail;Yes;59766.47638520251
24;54681.19128229504;35;62.97583798065291;56;New York;Retail;No;99217.36138709614
53;69037.65773814694;33;72.96159069261351;73;Los Angeles;Finance;No;84919.4252685931
62;60466.05692224181;8;69.17692430467237;79;Chicago;Retail;Yes;57517.254423600825
37;97129.50465931698;27;71.15761981536329;52;Houston;IT;No;119829.96326377506
18;50495.40564448696;10;80.21808740018731;66;New York;IT;Yes;79777.30643891367
25;25539.899488771036;13;84.632966048595;25;Phoenix;Healthcare;No;880995.5521037051
63;52564.56457352329;38;89.50480784895885;63;Los Angeles;IT;Yes;100919.79197343154
33;13753.223521812652;18;75.60136977968293;59;New York;IT;Yes;69578.5235257971
31;42003.441127032296;14;78.4758910256277;64;New York;IT;Yes;74046.77846535135
29;74365.73087900318;27;76.88846357130915;38;New York;Retail;Yes;106769.87444187023
68;54877.00472947657;23;58.258143011860966;51;New York;Healthcare;Yes;816379.106133641
40;52691.25219246903;7;71.30302944028914;46;Chicago;Retail;Yes;786444.9552479029
32;77311.70565073035;8;71.34901777259337;20;New York;IT;No;89981.11111965179
45;45941.00162504945;32;69.89187174230389;62;New York;Retail;Yes;80658.27861022475
51;68927.30619401163;32;74.59060671381162;71;New York;Retail;Yes;99371.09747128058
19;51939.60462749511;18;72.80519446785671;52;New York;IT;Yes;78179.4254423456
49;55700.711951885394;2;65.13673236074942;59;New York;Retail;No;59104.864509661114
40;31740.427162054806;9;73.48974046152946;51;Los Angeles;Finance;No;67534.97620276958
39;42769.29807757675;39;68.6094960291497;24;Los Angeles;Retail;Yes;93340.49588628019
68;29037.226507341897;0;48.807572730831076;36;Houston;Healthcare;Yes;53580.01956259583
42;48571.323826619824;28;61.029310796895366;27;Los Angeles;Finance;Yes;88280.47238010116
39;55856.035158744;33;75.88914325813079;76;New York;Finance;No;90641.15363790619
39;33349.42842362822;12;85.9189131415411;61;Chicago;IT;No;62854.220756854615
66;80737.68384027235;0;50.72796742321735;53;Phoenix;Retail;Yes;63784.359430868535
69;54171.59028637941;33;66.29608366246343;28;New York;Retail;No;91994.02157312953
59;50866.93378377829;28;79.3145383399476;75;Chicago;IT;Yes;85768.37474541285
23;61544.86627018438;12;83.78195463753168;42;Chicago;Healthcare;Yes;64289.75354714396
32;37566.07878701117;28;70.79886438423982;54;Chicago;Retail;No;79052.2996529032
60;52452.1621875118;38;68.17217641578931;69;Houston;Retail;No;99015.18424227969
54;39247.00669463613;23;87.19710749890193;26;Phoenix;Retail;No;70146.3056688809
50;73380.19865133474;25;82.96092705998569;34;Phoenix;IT;Yes;97935.06211509286
25;34120.40975904378;16;83.58618398076015;72;Los Angeles;Retail;Yes;72256.73816940044
61;50947.4818896076;6;70.31935997509255;73;Houston;IT;No;64520.72679927601
61;54939.73677727664;12;86.13694237683679;39;Los Angeles;IT;No;75963.78895450814
22;55922.386166115524;4;55.549312671362884;69;New York;IT;Yes;91495.61824015065
56;41281.472403757514;25;86.31230091659013;44;Phoenix;Finance;Yes;78853.01471575472
21;36567.35896782353;2;74.3346784655811;22;Chicago;Healthcare;No;67877.22113697769
23;41498.072404308514;6;76.28934191247815;79;New York;IT;No;62168.09670400888
62;57924.881513154236;38;65.54747341922523;74;Chicago;Education;No;89459.40067834019
49;47842.313436320546;0;56.859736518918496;65;Chicago;Retail;No;52602.33646792938
69;61943.13212678782;16;76.0770414779173;43;New York;Retail;Yes;94612.60176233413
47;57155.0557909261;24;80.51394549591397;53;Phoenix;Healthcare;No;87097.83682451517
64;15846.30952850588;2;82.02692384818765;65;Los Angeles;IT;No;48262.10316260636
52;53712.46695255816;14;80.94778595824586;41;New York;Retail;Yes;80001.72521903616
57;83756.82151724405;28;78.68161695053458;30;New York;Retail;No;95666.617200918
69;69879.03576557497;31;65.7621356380704;67;Houston;Healthcare;No;96625.36613820863
33;56330.19741060453;25;82.67476072520033;27;Los Angeles;Education;Yes;86673.35880208046
30;34109.11804295084;15;64.64377652524672;58;New York;Finance;No;72217.32453405175
67;57163.30574188469;24;86.07064236065135;62;New York;Retail;No;73650.32135687671
59;61096.24909817388;27;74.16018131193827;54;Phoenix;IT;Yes;92757.53705384409
47;46193.79978758624;8;74.49290780134517;68;Los Angeles;Finance;No;61440.629130824585
36;54751.130882066565;0;83.65926618305102;65;Houston;Finance;Yes;74911.42797509296
34;72644.9368759406;28;85.01468625534139;57;Houston;IT;No;113672.1089888449
36;37140.88370387411;21;82.70638678950138;27;Los Angeles;Healthcare;Yes;69918.98479173823
45;34125.5059256131;15;66.79542150444331;73;Chicago;Retail;No;57189.27773115976
43;60390.48988991319;6;82.62669550438552;56;New York;Retail;Yes;62648.420211208075
54;56863.13954297121;13;66.85210390029552;46;New York;IT;Yes;74653.5774816175
43;65432.57443119217;28;82.87901401727659;47;Houston;IT;Yes;88312.7689368883
40;58546.90717855655;18;60.748368039377354;59;New York;Finance;Yes;76618.16863680487
26;41483.6740523871;18;74.06319938061635;53;Houston;Healthcare;Yes;86777.34999277584
29;56482.88977198107;1;66.79108860494328;51;New York;Healthcare;Yes;59919.79929804998
18;32868.101850557396;14;83.69935652448027;34;Chicago;IT;No;70637.59435578696
18;46245.21932400509;2;86.15166774089013;63;Houston;IT;No;61436.572958514575
64;57541.98846449606;10;76.98996513791933;36;Chicago;IT;No;67142.153811088
51;44592.286749141655;29;76.66109143937885;52;New York;IT;No;82722.1525527544
49;87020.78273344741;39;82.04177122481136;66;New York;IT;No;99282.59564205713
65;21617.236267644996;17;86.21114879949118;65;New York;Retail;Yes;58510.39782116688
42;41787.64464501784;1;75.37311174662162;71;Los Angeles;Retail;No;50645.47475825455
57;35933.30249195134;31;70.00324675052019;73;Los Angeles;Retail;No;79189.87961639906
62;39494.7678881307;7;81.47267486440488;35;Los Angeles;Retail;Yes;74416.15406765172
18;40355.02664778682;21;56.412726289063286;48;Los Angeles;Retail;No;86956.57809086316
33;30103.689697115104;5;84.09651539558826;28;New York;Finance;Yes;59684.93824827849
56;61290.53222858941;11;67.89813050558288;52;Los Angeles;IT;No;83562.55089318857
22;41793.570539193475;39;72.59772133727552;79;Chicago;Finance;No;92747.08445145132
39;52453.60003382982;35;84.1605132311831;68;Los Angeles;Retail;No;92606.25504995298
46;43477.61357134632;14;70.8449048361031;48;New York;Finance;Yes;630818.6271895126
20;39636.79381570686;27;81.47408878574802;32;Chicago;Retail;Yes;79115.65266150353
29;75084.18854130275;17;86.38908754074414;40;New York;Healthcare;No;93517.12909098278
43;63843.98273314112;1;76.10033090047506;77;Phoenix;Healthcare;Yes;78071.82037846583
33;21976.99400067283;12;78.11448155824712;40;Chicago;IT;Yes;63374.47156682877
68;20387.938274961696;14;73.80564126056281;24;Phoenix;Healthcare;No;48701.5638013405
54;65639.1325345473;19;76.1559799706372;29;Houston;Finance;No;90829.50860449244
39;42202.19912676869;28;63.835952200499676;25;New York;Education;Yes;84474.48043659593
46;25263.76499098666;28;72.06261913441925;75;Los Angeles;IT;Yes;74882.55769097334
31;65686.02698810512;2;62.1179439301748;70;Phoenix;Retail;Yes;65040.024492188546
45;52536.860751486354;18;66.01232775472602;76;Chicago;Retail;Yes;79311.10205134498
22;53773.56627248479;2;54.970509793278374;32;Chicago;Healthcare;Yes;50770.30696304103
64;62143.08908008861;13;77.63928153504887;20;Los Angeles;IT;No;69036.66461262194
66;30350.342625764097;39;91.91602165377414;39;Chicago;Healthcare;No;77330.574128477
47;25527.48767923753;3;70.43894264859429;76;New York;Retail;No;58769.04710280783
63;73714.31442354803;10;84.6513359057238;66;New York;IT;Yes;78368.03091171122
69;28442.498588865612;30;86.25692816016917;65;Los Angeles;IT;No;87639.14503823435
22;31666.43304386654;31;63.00862765651729;27;New York;IT;No;78890.38934292007
29;34663.46930681351;26;65.16206082309178;29;Houston;Retail;No;90400.91262240613
33;81199.18885535783;29;84.90798088352207;28;Phoenix;Finance;Yes;109536.26851314974
43;57400.74950617284;1;74.07658637008147;68;Phoenix;IT;No;74921.7144972837
43;64481.119616530705;8;62.09211133849408;60;New York;Retail;Yes;77733.74496322827
65;52942.51318368093;27;68.63140413071393;22;Houston;Retail;No;81057.01635905266
38;40971.691831981494;30;79.19660244812066;30;Los Angeles;IT;Yes;105586.33067018293
56;59469.36924890252;33;67.06063325895167;31;Chicago;Retail;No;710989.0220803807
53;26650.76043804795;14;47.25463134565606;29;Los Angeles;Healthcare;No;54881.69740385512
50;33570.74821855257;24;71.77986822792164;44;Chicago;Retail;Yes;72579.1636603117
47;60994.62768892222;35;72.59006806144804;68;New York;Education;Yes;86106.44344962912
54;29641.1715375983;7;75.09226434144327;68;Houston;Finance;Yes;73058.89778831172
40;47163.7779625719;8;87.5888337328953;44;Los Angeles;IT;Yes;80163.6191393822
27;47847.314834668825;36;75.53522797899045;30;Phoenix;Retail;Yes;96455.04094456162
22;42070.06994994257;38;77.42937354425707;73;Houston;Finance;No;103840.72810668306
53;20733.222877267144;31;85.55536973649419;55;New York;IT;Yes;89414.07228652106
51;40566.06663216961;16;75.10344015835761;58;Los Angeles;Retail;Yes;64101.430950691494
69;37625.47434601272;34;96.36520745290102;72;New York;IT;Yes;93128.02713030708
48;52421.59794931548;36;62.36291706020998;45;Houston;Healthcare;Yes;90842.67383015202
27;51657.35808049203;18;65.65852286892155;33;Phoenix;IT;No;78309.50595927055
36;55669.42189905311;28;81.13958408270814;58;New York;IT;No;93413.04536379645
49;39860.205905384035;6;87.54313532938639;75;Los Angeles;IT;No;68710.63901094996
18;57841.669256988374;27;72.99205003131375;59;New York;Finance;Yes;81327.42324525626
22;26659.899008394754;8;64.89378829210594;20;New York;Healthcare;Yes;60110.522669389546
62;22671.429010214688;27;92.60989585225352;75;New York;Retail;Yes;64335.23520690902
21;14966.409137500581;5;67.07631105195689;73;New York;Retail;Yes;34669.6320623026
33;42510.54140642004;28;78.3905445113298;23;New York;Retail;Yes;86131.72701675269
41;38700.52663492164;16;88.14151811347786;49;Chicago;Healthcare;No;75657.13977960168
33;61839.734177819;15;70.58394776578979;31;Chicago;Retail;Yes;85046.95830066933
19;40270.06119426695;22;68.77872162743286;75;New York;IT;Yes;85629.20775821658
66;54100.645219164006;30;69.46312257970337;54;Phoenix;Healthcare;No;100399.57614524916
45;62199.448648746155;2;84.01551256574764;32;Los Angeles;Healthcare;No;68551.16830008672
49;39705.213865263264;20;85.6014770520266;71;Houston;Education;Yes;66188.0396772758
44;54470.78315160763;25;75.33725391762127;50;Los Angeles;Education;No;83286.76634040402
37;65028.91323432792;35;93.83082253069733;57;Los Angeles;Finance;No;602344.2835257251
41;31427.55837791649;36;75.31966559270128;62;Los Angeles;IT;Yes;90590.8882241979
29;50372.785073669664;21;87.92333214168166;42;Houston;Healthcare;Yes;76476.71518297051
67;39769.48425201028;11;70.6799839574906;23;Los Angeles;IT;Yes;80485.18683643443
52;32382.651762602924;12;98.33756533705565;71;Houston;IT;No;68894.91902480922
50;26953.223892646565;10;90.70131415579712;35;New York;IT;Yes;66024.00687330456
50;32140.27141731949;15;73.72025364471484;26;New York;Retail;No;65121.710731900675
68;50900.43508628019;7;89.34540208717003;41;Chicago;Healthcare;No;70198.41088795438
60;25837.3331665738;39;88.83980491172018;48;Los Angeles;IT;Yes;89079.71782744795
54;41739.094638670445;39;90.5304107629265;30;New York;Retail;Yes;84008.66362942471
29;62197.91610279346;1;50.180136642796946;75;New York;Finance;Yes;59241.08981915889
20;56735.164451284036;29;82.19351449290835;52;New York;IT;Yes;92730.393006266
18;42042.38565592765;29;80.42298769305741;77;Chicago;Retail;No;74823.95828400557
50;75345.35620038086;11;79.71073280943453;48;Los Angeles;Retail;Yes;77109.5105694911
57;78395.54620867492;9;77.18346433397897;78;Chicago;Finance;Yes;83095.64411211424
27;50391.836473095886;10;77.47811279514526;58;Los Angeles;IT;Yes;70334.36239662881
60;12971.856261735375;14;87.8314030529808;31;Chicago;Healthcare;Yes;46616.830428395246
61;63296.722955243895;15;80.39473373693372;26;New York;Finance;Yes;85584.90857515922
46;15590.354899496218;16;77.16906443732363;78;Phoenix;IT;Yes;54290.62543070841
30;72142.19166080099;25;86.39381014835618;74;Phoenix;IT;No;86912.7649112578
29;66253.77351113448;1;79.1802617841187;58;New York;Retail;Yes;69962.15458490376
48;76613.1875620703;11;80.1356842735338;61;Chicago;Retail;Yes;88449.73988163954
63;53903.9833755159;25;93.67037108811228;67;New York;IT;No;90997.34598334202
19;44579.21349227243;22;70.65519287450353;45;New York;Retail;Yes;72435.7901011731
68;43248.48299464664;17;59.84289661598757;59;Los Angeles;IT;Yes;78156.90694014443
67;41806.09743453654;31;75.72363510990797;28;Los Angeles;Finance;Yes;71608.37417594102
52;64716.02980512054;37;77.14543344956964;60;Phoenix;Retail;Yes;99471.1718601001
40;60684.07234258817;2;82.2152902945719;53;Houston;Retail;No;70034.72876857032
34;51803.384501513196;37;76.07315914661962;64;Houston;Healthcare;Yes;84440.28891343874
43;39167.28038109542;2;82.55119243972558;32;Houston;Retail;No;67216.72964827134
25;89438.18946950408;29;100.04616680271569;74;Phoenix;Retail;Yes;97705.84449204821
46;63685.619209443044;0;83.0151431887701;74;Houston;Finance;Yes;82799.46505260831
43;26034.321203398868;29;84.77315301051468;55;Houston;IT;No;74482.43171037712
27;42256.1597609431;31;73.70468592277565;44;Houston;Healthcare;Yes;62323.003075699526
43;63976.64146113058;27;61.14742910492698;43;Houston;IT;No;109077.67216862697
51;38006.91618150974;20;52.018884128702545;63;Phoenix;IT;Yes;68318.45586553913
68;55273.219382388335;12;69.81319417864282;36;Los Angeles;Healthcare;Yes;75746.27710634778
58;64261.94450504222;26;49.19628344034881;21;Los Angeles;IT;No;87367.12152172353
24;-826.4212398458985;35;80.13549025019275;32;New York;Education;Yes;59660.473065755636
21;48379.43450316125;6;71.17183015575145;50;Houston;IT;No;53491.21913821909
67;48968.137303476826;21;61.86625133524757;48;Phoenix;Retail;Yes;83162.81147253962
62;43818.91316474316;9;76.30874119948625;69;Houston;IT;No;80389.92994717619
28;54525.42702419061;38;67.61367806358196;47;New York;IT;Yes;90859.66355387769
46;59862.79411243812;14;79.50776253650768;79;Chicago;Retail;No;86563.48321298999
53;52130.764164869135;14;82.07626329822504;46;New York;Healthcare;No;87599.14957700018
42;44392.589089258516;3;67.98165837011558;34;New York;Retail;Yes;792209.8224625578
38;59489.319496764045;31;72.62718818909674;50;Los Angeles;IT;Yes;104457.5775629116
53;50735.801139115356;22;77.1489575383822;59;Chicago;IT;No;87527.54547320263
27;46539.493802067824;5;60.92957786457575;34;New York;Education;Yes;50910.96737100206
54;30315.809219916213;23;77.14807522877017;52;New York;Retail;No;66407.74788324149
26;26560.178221008824;19;60.68981351920604;39;Los Angeles;IT;No;75282.75740174123
41;30031.553109288943;36;80.65716979552869;61;Chicago;IT;No;937695.6606508193
52;54174.93591830322;19;70.64836337371801;31;New York;Healthcare;Yes;79837.31437354395
66;48813.818785904725;11;60.634572659557655;56;New York;IT;Yes;80395.17542029434
52;27795.738526888053;32;69.20026400859176;28;Los Angeles;Healthcare;Yes;78756.21021813812
65;59688.767386907166;27;69.62325418806557;42;Houston;IT;Yes;101363.54393533956
53;70614.64269768643;7;85.68520883386944;27;Phoenix;Education;Yes;79853.21414323
35;41022.595749254964;0;76.73304699285794;51;Chicago;IT;No;57977.243231418724
66;23885.27213947439;36;65.43722542434867;67;Chicago;IT;Yes;81998.4771972154
56;39363.10422647131;21;91.49066287200486;33;New York;Finance;No;87367.75773219872
49;62816.90940192041;5;81.26490401510559;46;New York;Healthcare;No;79780.49765165274
41;58227.94787802161;20;71.63677631420337;44;Chicago;Finance;No;92414.56634476893
40;36163.50970982782;31;59.461658143049775;32;Chicago;IT;Yes;76522.83600224832
49;72817.58206647114;34;70.75406420519806;74;Phoenix;Retail;Yes;89555.72489544052
54;70224.20098889599;14;72.79486915342329;40;Los Angeles;Retail;Yes;75485.53616642358
29;39004.90905085039;4;78.69032331450256;64;Chicago;Retail;Yes;58416.28468686771
66;38850.6499555255;5;81.07256509659655;50;New York;Finance;No;57319.93260928562
30;41107.580939307656;24;83.06582095410735;56;New York;Finance;No;80015.48193842525
40;42390.00836917181;39;58.885325691614526;67;New York;Retail;Yes;85835.12815824473
42;64258.070118926655;28;77.08504821163243;77;New York;IT;Yes;901636.3653018058
52;56379.93590714891;6;73.40384174751789;62;Chicago;IT;Yes;81332.76566955009
58;63156.18154025881;39;101.77977276169878;73;Chicago;Education;No;104464.07002118518
47;60103.4771478005;12;75.64694439096371;24;New York;Finance;No;84589.01700134914
34;75717.90602290598;37;68.77346801538629;32;Chicago;IT;Yes;109728.16900777663
66;34109.216842862894;17;76.10368856716916;47;New York;IT;Yes;81991.91444191786
37;55705.37795575874;1;74.91431711989235;62;Los Angeles;IT;No;57047.63802767416
65;17392.681156479535;7;55.109606928489846;44;New York;Retail;Yes;42105.44637644731
42;30245.666388547124;10;79.08304463417838;70;Los Angeles;IT;No;68923.44249037663
39;48877.19921097729;32;71.89441909321418;54;Chicago;Finance;Yes;93100.17803959026
30;56273.09919131804;37;74.73308784839482;66;Phoenix;Finance;Yes;97332.89966151262
36;48472.76386955646;26;66.26431466109442;58;Phoenix;Education;Yes;77033.15541500042
66;41492.11371780983;19;64.06085769787765;26;Los Angeles;IT;No;78339.23250053955
53;44158.731837604435;11;83.78882334075645;57;Los Angeles;IT;Yes;79324.46791559858
29;70541.61464636156;30;86.08456656442823;51;Houston;Education;Yes;94133.41670443838
58;44239.51733179789;26;79.18098605437235;22;Chicago;IT;Yes;77223.74634389752
36;76238.62433065292;31;56.89202399440366;64;New York;Retail;Yes;98954.56445191694
29;61910.256103117004;9;79.83063359261324;58;Phoenix;Retail;No;80038.90683415737
26;56863.06019222346;2;57.04063448663314;56;New York;Retail;No;61792.34647406253
24;32096.046345185066;26;68.38824365171735;74;New York;Retail;Yes;88749.63454898716
45;64028.5724209944;34;83.65558448757241;69;Chicago;IT;No;114016.06097179634
31;42593.44133377251;30;81.57598481704491;41;New York;IT;Yes;76318.84988962268
48;32083.403629914505;14;79.5696736453347;27;Los Angeles;Healthcare;Yes;67077.92697480602
69;57692.65419619066;15;88.12902653919784;36;New York;IT;No;83373.92269489406
36;29180.809091501906;12;80.60015147407927;71;Phoenix;IT;Yes;66357.49434623128
64;38566.37806805626;34;54.80980774959117;46;Los Angeles;Healthcare;Yes;94826.98459594972
33;49848.26132796633;10;71.3046915374364;52;New York;Finance;Yes;72505.35840384944
22;83276.32136172091;20;74.58391542268939;65;New York;Retail;No;102725.66954767419
52;39696.26366311269;10;73.41258273230628;36;Phoenix;Healthcare;Yes;60093.17252352682
29;43126.752210491366;29;68.82864824897611;61;New York;Education;Yes;80683.18213635145
42;60985.17581632468;34;64.69843866536405;31;Los Angeles;Retail;No;92446.75127752314
69;31425.56467435931;21;99.00744969459319;67;Chicago;IT;No;78633.29720016722
38;56642.09571531373;37;71.11255174794218;65;Los Angeles;IT;No;99346.14972636291
53;68088.90211424882;30;98.51602053374452;46;New York;IT;Yes;115091.58287141855
40;45393.57672933348;13;63.587095952439455;67;New York;Finance;Yes;75738.83570316853
33;65392.31422095298;23;81.57060068759007;27;New York;IT;Yes;99426.89307389458
56;54371.74884817709;31;77.29641416389869;42;Los Angeles;IT;No;87619.09230800477
62;39039.77054294329;35;65.78050472934939;79;Chicago;Education;No;84434.2931864778
59;47032.9297115524;31;70.32442890179317;61;Los Angeles;Healthcare;No;89714.57823609248
56;44303.639900296366;14;74.8486993063903;68;Houston;Retail;Yes;62306.47904228623
31;48685.42613275284;34;66.55883382833875;78;New York;Retail;Yes;89972.22903625517
48;52290.76848829743;2;72.43859405964574;48;New York;IT;Yes;59814.10912630504
22;58822.99902457785;15;51.35097574609385;69;Los Angeles;IT;Yes;71152.30429123511
52;57630.02374380703;4;82.1151599026874;39;Phoenix;IT;Yes;73133.1598889618
40;13524.296431067778;20;87.27151674122793;35;New York;Retail;No;66327.70607543808
46;48540.377168419596;9;79.54363707498659;36;New York;Retail;Yes;70089.62425653322
60;27358.67129889856;18;97.6425812793778;35;New York;IT;Yes;580513.9251560577
28;45864.09121299011;24;81.82096227599894;38;New York;IT;No;84337.51479012253
35;48143.1561828362;3;86.4280963877756;75;Chicago;Healthcare;Yes;50928.755270954454
64;64642.22537127064;28;87.38362832510111;75;Houston;IT;No;106043.59104328326
29;49548.267993498506;18;47.48986643414365;27;Los Angeles;Healthcare;No;76828.32199777264
26;53888.2702751489;1;79.23673198749563;57;New York;IT;Yes;70505.99094219254
27;61895.84570986144;9;61.17065049683219;57;New York;IT;No;64586.95628460565
61;68416.2838972895;24;63.190965484291944;72;Houston;Retail;Yes;97121.68818156954
34;48154.79114964634;19;64.93026728198085;48;New York;Retail;Yes;73108.65121405966
55;51412.691625206135;18;71.87284199982624;60;Phoenix;IT;Yes;77674.85417061561
24;50150.34953363381;22;81.50459960737697;55;Chicago;Finance;Yes;81247.98102464332
63;41861.01553353386;23;79.33989825006704;45;New York;Finance;Yes;84601.41404615874
30;38463.271648364156;10;74.87418617182402;50;New York;Retail;Yes;67713.18763814712
57;15921.71125361097;33;82.2268344120596;63;Chicago;Healthcare;Yes;76443.10939650792
59;33850.08598213505;27;82.83486321592103;79;New York;Education;Yes;78394.39248886688
26;23320.53750185295;4;79.42624189233345;31;Houston;IT;No;52201.00355445338
67;68827.97726679879;4;57.75495213925214;74;New York;Finance;No;68293.87568522377
44;52826.24012446142;20;67.60667210643275;36;New York;Education;No;93203.35085791236
19;48110.915405797496;11;75.26327833942649;34;Los Angeles;Retail;Yes;69956.442978146
22;39237.72220878377;3;82.33452883141085;28;Los Angeles;Finance;No;63948.72362015755
46;50446.68894851936;19;61.714203422760136;58;New York;Retail;No;79522.09364613578
54;37280.30183516999;37;74.88654810224719;61;Phoenix;IT;Yes;86672.34722238177
55;52610.278349309054;24;59.34375543610548;67;New York;IT;Yes;85767.48022436578
36;53686.0097438203;13;85.25917985719278;31;Houston;IT;No;70775.72944194518
25;37079.244464648844;10;77.42347278364724;51;Chicago;Retail;No;48979.65816407037
65;36793.07052766391;31;61.53863964044057;44;Houston;IT;No;81757.50438234513
62;64432.990318926764;10;61.47271462195707;58;New York;IT;No;79419.07025537458
18;49207.100685630496;17;78.8743187158426;37;Los Angeles;Retail;No;82764.3914080526
39;38284.69356102664;26;88.74798914563165;34;Houston;IT;Yes;75185.99824119855
69;44442.405474657215;17;64.03214162550653;51;Phoenix;Retail;Yes;79837.05634364115
34;34841.08869940089;22;82.86604108616078;25;New York;Healthcare;No;63117.304705506285
24;48992.24629007125;10;69.5776228197217;77;Chicago;Finance;Yes;84190.33169912177
42;62474.42461496703;20;83.23194102692887;63;Los Angeles;Retail;Yes;79818.850839378
62;49584.93998608608;4;81.83190910365313;62;New York;Finance;Yes;58279.992571390336
21;85454.50165513076;22;76.5529984148244;71;New York;Healthcare;No;91000.96575401771
53;56320.39352073502;24;56.656086937194175;54;New York;Finance;Yes;83161.11969101409
23;53449.316717633184;9;81.81185650124114;53;Los Angeles;Retail;No;60276.12211722185
48;36375.46803551292;21;80.02019270996865;57;New York;Finance;Yes;85545.5241096489
36;46421.99829736;18;79.10429753194502;75;New York;IT;Yes;69814.58562577078
61;38314.79235449462;0;76.95674063230979;73;Houston;IT;No;72165.92474831805
56;17515.321573938145;6;66.21213111667892;76;New York;Healthcare;Yes;55216.12507844343
44;64613.933331932116;3;85.82962771019112;24;Los Angeles;Retail;Yes;53220.84118550973
27;42328.24166674653;0;83.98139720816636;37;Los Angeles;Retail;Yes;65289.64684847531
43;38593.99888500041;14;64.24577223155335;35;New York;IT;Yes;78062.06901865295
36;53158.550509376975;39;88.14295010517752;27;New York;Education;Yes;91570.75045276359
56;57687.49328332276;11;76.31669434635387;44;New York;Healthcare;Yes;86110.32081155351
20;45188.37750640582;21;76.29136953145172;51;Los Angeles;Education;No;70715.27565747217
62;49960.97498586473;21;73.23644663581317;45;Chicago;Retail;Yes;65194.51021045156
30;61192.81110971604;16;74.22006603414944;71;Los Angeles;Healthcare;Yes;80284.96531528892
67;44597.09608085079;28;88.7089918830977;41;Phoenix;Retail;Yes;81087.92557869766
45;54535.00612645001;13;85.33074984598515;50;Phoenix;Retail;Yes;81564.96761460252
37;25111.330724162744;19;85.11847083639415;62;New York;IT;Yes;70275.72419146501
45;31380.21502358377;32;76.84564352545378;29;New York;Retail;No;84609.7654973464
25;59083.096671206054;14;83.89171723534396;75;New York;IT;No;74535.23831789034
58;30596.620412490523;11;66.65686925959429;76;New York;Retail;Yes;52730.483545078256
56;53512.063206699444;39;80.83442978498067;31;Houston;IT;No;107453.39740712597
18;47795.01826704391;19;73.46511968031032;72;Los Angeles;IT;Yes;91618.40791276046
20;44532.99106219657;29;54.40195012591678;47;Chicago;IT;No;447233.5916024855
30;37573.05846548408;37;59.138983411780366;25;Los Angeles;Retail;Yes;86099.31918143031
45;63640.10027158064;2;68.3702121991078;78;Chicago;Healthcare;Yes;68066.05186777996
66;75948.36731779753;27;79.1515398434871;39;Los Angeles;Healthcare;Yes;95202.74114616339
42;54502.88243900292;25;68.37920211666031;24;New York;IT;Yes;95819.62156942801
50;54837.36073509226;29;69.08883262615291;42;New York;Education;No;90313.69722143444
55;39765.04055213759;12;82.63260921874841;28;New York;Healthcare;Yes;68111.6004072201
23;32058.541522634303;12;69.44987880550313;77;Chicago;IT;Yes;63937.47162523832
61;49403.91642790738;1;88.3080724203441;78;Phoenix;Retail;No;61094.21919530422
62;35393.75528062886;36;86.65123739820135;48;Los Angeles;Education;Yes;76473.18516093568
49;23410.848075262675;37;75.21881320571319;35;Houston;Healthcare;No;78064.16952800116
62;62051.68718548374;1;82.53461451658329;73;Houston;IT;Yes;80740.83755976723
64;62782.50182377749;35;81.17240454356381;65;Houston;Healthcare;Yes;99561.68710598977
38;37117.41840570359;25;72.54334724040596;41;Los Angeles;Retail;Yes;79739.98869135327
33;53659.464819188666;10;83.61634662972146;27;New York;Healthcare;Yes;79671.15014235934
38;65029.2840168765;7;85.08902055390527;78;New York;IT;Yes;68382.94874882056
28;53075.40030592818;39;65.475647692096;39;Chicago;IT;No;93009.67002625707
54;32102.680308518997;21;76.53548638320741;70;Los Angeles;Finance;No;76908.96284121892
53;46506.59880144352;19;76.42503822576165;33;New York;IT;No;83120.51510527203
52;69902.14130062987;7;83.49619467450705;58;Los Angeles;Education;No;65164.449890057615
36;53705.3996540767;28;70.56141649550663;56;Chicago;Retail;No;85319.0226119536
37;58086.98154774208;39;69.02239667223571;69;Los Angeles;Finance;Yes;100968.83057126326
35;55124.43829053672;25;76.68999660311154;53;Los Angeles;IT;No;106733.89826728126
64;37167.3296303262;29;86.81359223253573;30;New York;Retail;Yes;84788.45141946306
58;40687.321710760356;16;63.006228845900665;73;Houston;Finance;No;61902.24975904045
66;55082.97735577614;19;64.75193846662873;59;New York;Healthcare;No;98078.46538209832
31;62253.07670030612;15;69.79495092029411;52;New York;Retail;Yes;83379.12730881426
32;66498.57426376824;6;71.57422927918448;50;Chicago;IT;Yes;80096.59787828427
48;37128.4168284771;15;57.34417197562485;78;Chicago;IT;No;60449.086505664534
18;56496.80802015791;26;89.98195286915148;73;New York;IT;Yes;91112.83898798548
20;67805.66167578465;22;73.69693408650888;63;Chicago;Retail;Yes;78905.16656016152
33;35193.77344567966;23;72.19895475820029;53;New York;IT;Yes;75016.3721789113
40;72301.20703699661;8;91.22637538035417;69;Houston;Retail;Yes;80279.68380809172
28;74584.11241016285;34;82.17793495123813;26;New York;IT;Yes;106615.36850702694
29;89376.29509432492;19;69.64578122666651;77;New York;Healthcare;Yes;108284.52444785538
27;53464.00161244992;36;76.64607845308156;68;New York;Retail;Yes;103393.98984911451
49;53546.37014393673;16;74.58262867623522;73;New York;IT;No;86573.89035764417
33;62404.91583675976;30;89.48350856929277;42;Los Angeles;Healthcare;Yes;98381.63803770096
25;61967.04009574125;7;73.32575798316407;65;New York;Education;Yes;72575.18718457966
55;66895.50291493408;14;60.579404581417904;75;Phoenix;Finance;Yes;84790.3668947147
29;61760.49770697656;30;56.227758931947044;26;Los Angeles;Finance;Yes;79795.5518840156
41;48409.07136442942;29;89.75161347406689;73;New York;Finance;No;87769.99783149868
45;68329.95681460253;19;67.1138530223737;44;Phoenix;Finance;No;78400.88672356532
25;33931.18775460911;38;81.7021165563331;22;Los Angeles;Retail;Yes;89268.13827461578
45;50087.785050880644;11;75.71763430715052;78;New York;Retail;Yes;76589.56901177794
53;73456.03424074699;16;70.83345212121742;57;Los Angeles;Finance;No;75055.44492225799
43;31246.30252819521;29;72.40152582996875;39;Los Angeles;Retail;Yes;66535.37871297424
25;39837.86514504255;28;90.83377881529533;53;New York;IT;Yes;88228.12577697283
67;60076.20936615937;18;60.51936571356875;68;Los Angeles;Healthcare;Yes;80488.15978840902
45;55908.67959854229;10;71.13544769244075;63;New York;Finance;No;76261.8257572272
45;36874.61888515633;33;84.06565760683701;63;New York;IT;Yes;99049.96390398643
54;43757.089959047895;6;62.16854991553744;49;New York;IT;Yes;62193.63764393538
58;32288.269060244915;33;88.17282807777585;36;New York;Finance;Yes;68224.4861637697
53;64707.27499280858;19;83.92249715753626;78;Chicago;Healthcare;Yes;92637.49510320746
44;46161.779634942024;37;77.71795685132336;29;Los Angeles;Retail;Yes;88050.32077310701
34;76882.33866140948;23;69.96843095725733;54;Los Angeles;Healthcare;Yes;101360.36809428284
26;51216.50366060032;9;60.88433844816043;39;Houston;Retail;No;67150.06569324268
50;46703.89544895685;31;82.0704589413407;37;Los Angeles;Retail;Yes;88019.20705519094
37;45247.673580623035;14;102.48644934483887;64;Chicago;IT;Yes;81853.49775732898
30;46337.00247211358;36;76.45892535916857;63;New York;Finance;Yes;96114.47909037705
45;51662.31642700705;19;56.739545892680994;46;New York;Retail;No;69745.31943379645
65;87686.11364867479;2;79.57516490126747;78;Chicago;IT;Yes;84384.31111541975
46;44917.10494850961;36;83.60262971401195;78;Houston;Retail;Yes;82439.51099036507
30;45404.698088430356;39;65.82147568104062;68;New York;Healthcare;No;83558.10200894951
63;50983.90768524768;7;68.54488073910605;55;Phoenix;Retail;Yes;67433.56143568327
52;66354.1175951639;39;67.52621771253708;42;New York;Retail;No;102072.8609567342
23;28685.231583908313;22;69.68636133136312;51;New York;IT;Yes;65647.16872312523
35;56826.39105364468;39;73.27836885721955;29;New York;Education;Yes;97786.80050543309
68;37738.62235968257;10;66.39098891506497;30;Phoenix;Education;Yes;71443.75709744077
22;58299.090334264234;7;62.64162258647775;57;New York;Healthcare;Yes;74018.4874570483
64;42593.60086459316;28;76.74375385675017;25;Los Angeles;Retail;No;80345.85733564453
42;15438.464903640699;29;73.173379601363;78;New York;Retail;Yes;83262.00800939236
19;55543.66404031228;9;70.63758229883183;60;New York;Education;Yes;68559.69277694021
27;55417.17155520303;38;75.83189716721515;66;New York;Healthcare;No;97565.19189828
47;41313.795372808556;27;59.79824294441556;53;New York;IT;No;67736.33119976442
67;40424.84209785496;35;77.6320292299676;55;New York;Finance;Yes;91526.67997047797
62;30329.40912368521;12;70.84311799710437;56;Los Angeles;Healthcare;Yes;752607.8543660326
22;61596.49912308307;31;77.3948946811278;36;Houston;Retail;Yes;98800.68696263661
50;63233.236737002124;35;78.99649105418968;59;New York;Healthcare;No;117759.28028797047
18;36814.23672236165;36;86.31151278286177;59;Los Angeles;Retail;No;84426.39131013944
35;41900.983106917236;25;76.02954416988912;73;Phoenix;IT;Yes;91229.66573027501
49;49050.663182915545;21;85.66718830054326;31;New York;Retail;Yes;85087.39516765805
64;84062.9792155332;3;71.7808685886991;40;New York;Healthcare;Yes;79362.62142228262
66;58176.826213833985;30;72.25822486635576;59;Los Angeles;Finance;Yes;82527.35357459908
28;35848.76727487431;17;74.09071827176325;38;New York;Retail;No;68394.6331636555
38;54556.70464235758;37;82.74124900678213;22;Chicago;Retail;Yes;83764.84582366631
43;29349.626890428775;23;81.30959077022914;37;Phoenix;IT;Yes;81734.9097636818
42;60769.85464874256;22;76.35071879861793;72;Phoenix;Retail;Yes;81616.82188655222
39;75133.21090316729;21;62.722646583954784;70;Chicago;IT;Yes;89574.72856116798
44;75196.87527625938;1;81.13059175766325;38;Phoenix;Healthcare;Yes;60894.73497004038
66;61023.402552115076;30;66.38595365217029;66;Phoenix;Retail;No;103362.24837719917
30;41248.81466197806;10;65.8410260620028;25;Los Angeles;IT;No;80074.91026063962
50;30486.47365228811;27;63.61514910062317;35;New York;Retail;Yes;69722.4043406443
51;28996.924349463363;31;74.16831289197964;27;Los Angeles;IT;No;85016.44088060684
58;7906.743357521853;4;87.11724298470688;67;New York;Healthcare;No;48972.771786893936
52;60407.836445118824;37;65.34639455619786;37;New York;Education;Yes;98011.39850759291
18;48457.46719663401;9;91.78575953174088;71;Chicago;Retail;Yes;612725.4218835386
38;63638.24249679691;39;84.09810222453572;67;Houston;Retail;Yes;96001.63102558088
65;71420.47227852182;23;60.35397936749376;62;Phoenix;IT;Yes;94555.56212902447
23;51498.583158536145;34;71.17224817821679;58;Houston;Retail;No;87949.86417452543
45;52189.42414569725;22;64.59749733009195;68;Chicago;Finance;Yes;78298.78124256789
34;43035.19483253801;16;81.64955457735716;68;Los Angeles;Finance;No;76892.00993193625
22;44808.73374241388;0;65.1183665232959;31;New York;Retail;No;64785.485693842726
48;60927.04868709401;30;58.7888052294382;64;Chicago;IT;Yes;102874.3696248031
22;47384.374544520346;30;71.74274223262911;29;Los Angeles;IT;No;95192.06485018169
55;45214.88499870764;33;86.69394073696259;26;Chicago;Retail;Yes;85307.56347066427
20;49725.24710835723;8;73.07483776157447;65;New York;Education;Yes;60458.918228893854
40;63294.952940923846;21;78.98443863356682;74;New York;IT;No;94912.42343111664
54;39610.07663254846;12;79.37231097547041;20;Houston;Retail;Yes;57401.70948530349
54;49002.07223671951;24;59.87724407258925;68;New York;IT;Yes;80441.38133626946
27;53679.16756667645;17;66.00625872845346;55;Chicago;IT;No;71086.98975310316
27;67403.32855377859;11;75.06464187197597;40;New York;Healthcare;No;80451.825840509
36;46410.54834800872;39;69.42645016344612;56;New York;Retail;Yes;109401.0367763263
34;39232.64920922417;16;92.04454550394158;71;Los Angeles;Finance;Yes;68509.00346293837
38;42734.585835914666;14;62.7167760491911;43;Los Angeles;Education;Yes;69124.49682014388
31;65795.8614952307;14;65.9073989676715;74;Houston;Finance;No;73323.4364293956
26;80499.57947905197;14;77.90544259479746;44;New York;IT;Yes;95614.93716702347
63;30293.63279470951;38;68.7210666221671;26;New York;Retail;No;75811.98313671662
18;33570.475773952145;12;46.081674010497935;61;Phoenix;Finance;No;68694.6798962772
68;47468.04819946782;16;94.34681229413818;36;New York;Retail;No;76137.94219679707
62;51664.34144102065;31;64.25694613773513;48;Houston;IT;No;89087.13727566032
30;61804.54348332493;8;80.60892722681805;49;Houston;Healthcare;No;83735.07369543111
21;36633.004870977704;39;62.46608828775845;26;New York;Healthcare;Yes;87689.68617458857
18;34053.364450258036;19;66.36965092917009;52;Los Angeles;Healthcare;Yes;63328.817364181836
66;52071.307297004445;25;58.77066997318762;26;Los Angeles;Retail;No;85959.88400308989
57;46123.98919689247;26;67.5880659973692;77;Houston;Retail;No;81727.57717110403
49;63900.81496657287;20;68.5571818255145;43;Los Angeles;Healthcare;No;90282.87386626372
51;57310.39704785575;17;73.67434322655103;30;Chicago;Healthcare;Yes;64036.657033314914
45;58330.69021449828;12;71.2743115762355;28;Chicago;IT;No;77681.99289371276
48;48432.779804347;15;60.58480173036172;31;Chicago;Retail;Yes;70379.10573672602
25;85333.70387852308;8;69.76100171656073;54;Los Angeles;Healthcare;No;84909.8046447216
56;37433.7802760936;11;89.47010666774807;23;Houston;Retail;Yes;62823.61493685898
43;59162.14750632163;37;88.28390545411813;55;New York;Retail;No;95890.5085031771
51;30954.65019390339;18;79.5568702891469;47;Phoenix;Healthcare;Yes;81242.79035831522
20;33897.98483390822;6;81.63099246740173;76;New York;Retail;No;58747.94894264161
67;40889.81601851818;34;95.60822801135346;32;Houston;Healthcare;Yes;83041.65469257328
29;74439.85004927039;17;80.71247659588498;42;New York;IT;No;91287.72780621618
18;53958.416456810286;15;81.44189860537551;38;Los Angeles;IT;No;76213.5068004043
61;41142.82897183437;38;59.35416973886458;61;Houston;Retail;No;79008.67607103653
22;55616.5448893186;3;63.87369438761861;56;New York;Healthcare;No;70437.4546683227
47;50527.21822136763;24;74.67309682998797;58;New York;IT;Yes;96031.60167585996
47;42620.39946291321;31;66.92557774925753;43;Los Angeles;Finance;Yes;92966.3547381065
34;29050.567163176587;39;65.02044712976829;35;New York;Retail;No;89090.59780637563
65;71578.13726768435;12;66.17540951767751;52;New York;IT;Yes;70677.48654742887
64;53147.27193065063;16;60.76429357818873;31;New York;Retail;No;78476.71187515634
40;82606.07560202359;36;67.08615513917948;53;Houston;Retail;No;112697.15375220426
32;64104.824308113195;5;78.39435554810899;26;Los Angeles;Finance;Yes;74279.23846636481
54;58269.795871415634;18;92.96323926484685;30;New York;IT;Yes;81732.21180966342
38;43471.935070745494;12;82.96982182713619;50;New York;IT;Yes;76285.03229835322
31;33569.81654214625;25;81.36155485039436;48;New York;Healthcare;Yes;69211.0791247232
19;46734.03523267329;13;58.76466615601594;32;Chicago;Retail;No;65665.87026388825
28;33135.61108691254;30;76.19296705022018;50;New York;Retail;No;84188.91656803837
68;59752.85571096132;3;74.33040096702861;21;Houston;Retail;Yes;55945.60500068403
56;74489.78746545696;38;77.90741096951179;58;Chicago;Retail;Yes;104456.36869926745
55;46086.31600824305;7;71.39312530522541;34;Phoenix;IT;No;69942.05875552515
51;64167.36458586795;24;91.62076741014668;76;Houston;Retail;Yes;97657.27490588624
55;39661.56394674715;12;75.52775516297822;30;New York;IT;Yes;63224.98907842317
67;45462.997426889735;31;76.50223354936873;53;Houston;Retail;Yes;93187.02094606639
51;37775.54023151836;37;55.375597751531494;58;Houston;Retail;No;75278.51335008611
35;18003.004473942343;37;73.93324318055679;23;New York;Finance;Yes;81981.75832814802
47;49451.99975122084;27;86.49259350030634;30;New York;Finance;Yes;79336.07811007746
32;51926.77606396629;29;80.55575608141035;48;New York;Retail;No;102252.93011714079
44;65987.91498142456;2;53.44409060256892;21;Houston;IT;Yes;65761.20865808491
68;61931.573790039314;27;70.50324926853776;35;New York;IT;No;111854.47937617911
51;62134.29348558493;2;92.31899467363003;58;Chicago;Finance;Yes;67648.56882583145
69;35389.45665323184;33;73.49359279718476;32;Los Angeles;Education;Yes;77902.44539579317
55;56892.45959106038;15;78.22415982711128;56;New York;IT;Yes;104151.6952959401
50;73738.90948222388;21;91.19009287287301;36;Los Angeles;IT;Yes;91421.09503293081
41;55698.01776063622;31;73.45385858453093;40;Los Angeles;IT;Yes;112509.97513785379
32;77428.90419597496;37;82.91029859957904;63;New York;Retail;Yes;110942.44103606131
47;80284.49166679796;7;79.11395877158361;79;Houston;Retail;Yes;73490.04809871672
59;45972.975945625316;7;81.25148863510393;38;New York;Retail;Yes;64247.350291191186
68;39545.90382379142;5;78.7921565683347;26;Houston;Retail;No;72322.15035169157
34;38578.06751871575;13;69.52370121485214;57;Chicago;IT;No;66971.67714489589
22;27257.962698451698;31;70.5220244857733;27;New York;Finance;No;72691.79186190141
46;42223.95650876717;34;66.45423819631675;32;New York;Finance;Yes;88837.7082972798
21;68114.98174634369;9;58.60290881129711;56;Houston;Education;No;73125.18620479
27;16939.4363712314;2;87.44529910676643;21;Chicago;IT;Yes;46572.90961568182
34;34438.19898929381;11;75.1008296688121;60;Phoenix;Finance;Yes;62874.353013779546
27;48093.028375220034;30;86.94160182524458;30;Chicago;IT;Yes;87673.2230656742
34;36842.221990674494;28;90.6537267458465;43;Los Angeles;IT;No;89093.76166582204
37;42090.7108363967;4;75.53417480909545;25;Los Angeles;Healthcare;No;56909.041371767016
41;42315.05488366545;24;61.86510868309375;45;Chicago;IT;No;94123.64392637227
22;46136.89669907377;30;73.03811854147534;26;New York;IT;Yes;90133.99879002507
51;39058.17955835392;20;68.28856393236879;76;New York;IT;No;74980.99175626966
23;37831.80179216678;19;55.198495409450125;58;Chicago;Finance;Yes;83275.38623570582
19;64014.64618881847;38;69.98271095071122;38;Chicago;Retail;Yes;80746.77054611137
30;65744.81266790518;21;74.28462787935487;25;New York;Finance;Yes;107313.81822149588
60;29291.84982128886;3;68.56675604235345;62;New York;IT;Yes;67282.04256633652
60;8606.039010906738;12;67.28454913048513;48;Los Angeles;IT;Yes;59571.0866251271
65;65950.62274356396;19;62.22464177867045;62;New York;IT;No;105476.91315567051
28;31567.993721717936;12;76.95922148354278;58;New York;IT;Yes;57332.831203589914
68;53191.1725768961;16;93.69269283216241;21;New York;Education;Yes;70893.26771581182
64;26514.92190457674;35;87.78623888051148;38;New York;Retail;Yes;88854.22076222423
40;69466.32477889508;32;81.53626887986965;23;Houston;IT;No;94663.71941933548
33;88155.01842952293;0;81.75409118931042;77;New York;IT;Yes;92856.00622392158
48;52742.10363808005;14;73.67356855740876;25;Chicago;Healthcare;Yes;69039.79093503668
28;48588.46027310725;12;56.95486820712959;68;Chicago;Healthcare;Yes;696719.6439168716
33;45167.90637214904;16;71.305683105393;76;Houston;Retail;No;70675.50292174765
25;61726.98966969368;23;65.3072231266785;56;Chicago;Retail;Yes;103280.4871536511
21;58515.30126401878;7;76.54696749345324;47;Los Angeles;IT;Yes;79156.35965112262
57;65052.47680329297;26;87.33214703938755;49;New York;Retail;Yes;84350.61763235339
21;40581.25216102876;22;94.7340959024846;26;Chicago;IT;Yes;81519.07671041836
42;55101.76559606967;7;75.64621031180532;28;Phoenix;IT;Yes;60920.49796587042
20;41862.97899940706;7;58.32843662822644;44;New York;Retail;No;50959.31681739778
49;34134.265278949184;25;75.62676050161978;52;New York;Retail;No;68020.83723316481
20;49384.768684948045;12;75.89856162913382;20;Chicago;Healthcare;No;74330.9062423728
44;36162.30904434377;38;81.78843870526198;70;Los Angeles;Retail;No;108393.99075341357
46;67605.90496613883;36;74.8080444959917;25;New York;Retail;Yes;100969.34871447356
49;37071.19432976266;27;75.66518273960679;37;Houston;Retail;No;69792.12348475805
67;55453.1891103104;24;68.6793924211294;29;Phoenix;IT;No;84662.95367200492
68;40948.66551860416;15;71.88098016891121;47;Houston;Retail;No;69993.04127658752
36;54155.941256562684;1;80.13232426815183;30;New York;Finance;Yes;57271.9027947228
38;42140.05139816966;17;54.915162838564996;52;Chicago;Retail;Yes;63586.02566400034
22;31141.830877136937;16;71.82711434336176;20;New York;Education;No;67331.16842738674
35;57256.591114277675;29;81.87899967995911;32;New York;Healthcare;No;87209.90657214909
45;46468.76567130167;38;91.40728941005534;56;New York;Retail;Yes;88525.5965864383
59;54289.774110836894;12;71.01663555869763;39;New York;Retail;No;65666.76303292239
39;43567.35596554344;31;86.85369780823787;20;Phoenix;Healthcare;No;791471.8058501137
38;30080.95229347322;28;91.90023845417943;71;New York;Retail;Yes;71524.34670887611
23;66247.67895584385;29;71.14617598937322;22;New York;Retail;Yes;92858.89468760922
18;61051.36633161632;17;69.4179146716818;37;New York;Retail;Yes;79911.26390214692
22;41495.58536670134;12;73.17925529908074;60;New York;Retail;Yes;55682.90807723265
58;51046.688202481964;20;74.18048214936904;33;Los Angeles;Retail;No;78766.24048788547
29;65630.29224744406;29;85.9082266785552;50;Los Angeles;Retail;Yes;94201.45968067966
43;43144.42496206405;20;67.26274820490404;46;New York;IT;No;78396.7272015491
63;45471.73242214172;16;90.3806543610547;36;New York;Healthcare;No;79698.88084499717
51;53654.487500110605;39;66.99242447273782;74;Los Angeles;Retail;Yes;99665.86335470316
66;43113.63404668121;18;62.355750803824364;65;New York;Retail;Yes;70908.73033663929
31;62856.379954805336;14;80.2377721155868;48;Los Angeles;Retail;No;74466.2238626412
43;47466.48829538843;8;87.30560428869207;55;Chicago;Retail;Yes;61223.649195160884
62;38239.46187509039;9;76.78655481012913;56;Los Angeles;Healthcare;No;68534.77664986819
44;59129.58244810992;30;79.35084397966274;45;Chicago;Retail;Yes;83174.58262415009
26;32868.0402585298;22;94.54297238025312;72;New York;Education;Yes;87270.69610543364
43;80223.1784168632;29;87.44652781535301;36;Houston;Healthcare;Yes;97215.71024894947
64;73737.44545370304;32;75.309254177825;41;Los Angeles;IT;Yes;111670.43871836633
39;57702.43215381523;8;70.68853116818062;44;New York;IT;Yes;91075.33831746869
64;56439.96532729853;0;85.95058866481386;21;New York;IT;No;64572.16037143957
47;55736.621267289476;34;83.29283913425887;74;Chicago;Finance;Yes;92444.3175402434
60;42663.578211216394;10;79.18576682660083;41;New York;IT;No;76670.1172777099
65;54459.64468521263;33;71.72986314006512;24;New York;IT;No;117257.00674156554
34;36153.01084313227;15;74.23610363733167;23;Chicago;Retail;No;66165.8753106173
43;57557.276276602715;8;73.52480435381943;55;New York;Education;Yes;85448.98976342427
53;63017.70414546943;31;71.89631216418705;25;Phoenix;Retail;No;97369.42774951598
18;44328.70848524998;14;68.98851863404018;71;New York;Healthcare;Yes;68080.70821376024
25;41073.47308767921;11;77.65198635948302;40;Los Angeles;IT;Yes;69629.3339957863
66;31812.844630281354;32;68.53684704230656;32;Chicago;IT;No;79826.49640580859
52;71869.32850348536;13;76.77379170914467;73;Phoenix;IT;Yes;89227.84225343363
69;42265.03949236683;7;54.00126767780954;56;Los Angeles;Retail;No;46118.38377855989
32;47018.91445975065;7;69.00125831399184;74;Los Angeles;Education;No;77884.06353820667
64;54502.33377493588;26;85.98329200694047;44;New York;Retail;Yes;80833.78809584853
39;54233.11464334902;11;65.9957077453551;45;Houston;Healthcare;Yes;66445.15628820048
31;61198.401435216045;0;80.92101961043143;74;Houston;IT;No;68866.58301544482
43;44310.05120242507;39;66.82716249966923;58;New York;Retail;Yes;84068.9420319752
45;32919.9809229363;10;82.75785656793221;39;New York;Retail;No;52458.86061667
40;30295.02036541526;38;72.02891052801459;52;New York;IT;Yes;102472.54814886734
31;41311.1715073573;30;71.63353395634714;33;New York;IT;Yes;108393.4330431915
41;35722.242879880636;16;75.54351478547017;75;Los Angeles;IT;Yes;81412.00674413727
19;45445.749420383625;32;61.56573032878305;55;Phoenix;IT;Yes;94158.2109972992
62;69613.68216139975;31;84.7209081875646;36;Houston;IT;Yes;128998.4573026638
43;44340.82691174467;28;88.03433441515737;40;New York;Education;Yes;86831.37860579969
31;44335.23707998165;20;71.39968503005042;65;New York;IT;Yes;77047.92543877008
68;49754.01835616317;20;80.24204170901547;35;New York;Retail;No;76296.22624764546
24;43915.625131819004;39;82.78910680212057;65;Houston;Healthcare;No;108513.85794182985
20;48989.13146422709;22;74.08742447668371;35;Los Angeles;IT;Yes;80110.33714478878
64;58113.0383372202;5;63.917528472821346;75;New York;IT;No;82377.28414945745
40;63271.265821449706;21;90.94082131951845;39;New York;Healthcare;No;87796.04055202269
63;65048.19799608536;37;71.074782950712;48;Chicago;IT;Yes;95255.91633988536
60;80852.7833109653;36;68.9086523078619;47;Los Angeles;Retail;Yes;101436.86634425953
64;58540.39169258657;7;91.38791931333927;27;New York;Healthcare;Yes;78341.25544155014
62;83517.18352023963;34;81.10058767556204;43;Houston;Finance;Yes;106541.93345105325
35;38352.77287910535;10;77.57430076058013;22;New York;IT;Yes;78976.72875661276
55;81369.27353636878;23;65.29239336597449;44;Los Angeles;Retail;Yes;95012.38208157709
52;44294.35918670615;20;83.0280405821322;38;New York;IT;Yes;90384.36619976386
68;45769.71603855447;1;103.96518605519745;52;New York;IT;No;77117.74021971128
32;48201.9117886569;39;83.8050766387854;21;Chicago;Retail;Yes;96679.31478392442
42;46720.68933261903;18;79.96088496292565;34;New York;IT;No;79293.89452362429
54;51287.605950897545;38;82.21092796486096;41;New York;Finance;No;85936.39092162708
45;41299.57996267341;27;71.71884666831457;79;Chicago;Retail;Yes;74484.42900570283
27;62449.432596070576;16;71.62349270406851;29;Chicago;Retail;No;102872.70765841079
56;41707.47448068231;5;71.49554515763784;37;Phoenix;Education;Yes;67567.64206158195
34;59834.15597379337;18;69.25050044613123;41;Houston;Retail;No;75161.12204018481
56;72915.85429285647;37;71.47555134223983;65;New York;Healthcare;Yes;97008.61061407872
39;44643.464452883905;27;71.42892807751082;68;Los Angeles;Finance;Yes;98095.71570047995
43;61915.751269687666;1;72.55315491165868;46;New York;Retail;No;61553.75112980833
61;58387.38933354777;37;72.273219684199;32;New York;Retail;No;93658.93896170608
42;83793.30323329625;36;77.43011857009701;52;Chicago;Retail;Yes;101207.18309244073
34;42427.54152732575;3;75.78793018207845;24;Los Angeles;Finance;No;52022.80062876852
30;61926.07425208676;21;76.67362453511703;45;Chicago;Retail;No;86010.16312783904
37;25609.833623351704;25;90.22297563344483;32;Los Angeles;IT;Yes;73495.34660070867
42;42562.12383894781;35;75.76734238716512;46;New York;IT;Yes;103798.28289532177
21;55300.89256395362;12;97.10890992800782;76;Los Angeles;Healthcare;Yes;70499.82177158276
27;70897.39953634673;31;78.52689539822612;33;Los Angeles;IT;Yes;98724.37294702603
20;31610.99952523696;16;70.52740409117163;43;Phoenix;Finance;No;90861.58535721165
58;61791.359611116655;35;88.49583239046999;22;Chicago;Retail;No;95396.41879391433
62;49051.64815275562;18;74.20472732291802;66;Los Angeles;IT;No;82175.89683423628
35;27177.08519911531;34;51.063158482658714;70;Phoenix;Retail;No;64742.990237924285
64;52723.80268923185;39;74.95996858164816;68;Houston;Retail;Yes;95822.83819719749
53;75637.41849467318;27;72.50824162056043;49;New York;Finance;Yes;96910.79341601698
64;33193.660101325746;0;91.06547386288335;54;Phoenix;Healthcare;No;60605.747150075134
39;48350.93426944725;17;66.02433314999634;67;Chicago;Education;No;91249.92257854801
51;35200.41523040651;39;71.67345181921728;33;New York;IT;Yes;97614.89023874595
64;42971.25602134976;32;87.67639376060458;31;Phoenix;Finance;Yes;82221.80163255351
25;71482.5521528695;11;78.94408532724181;47;Chicago;Healthcare;No;99709.21691087518
57;45927.13286762926;7;73.28543175026866;63;Houston;Retail;Yes;67777.67633232553
66;71023.4860627299;23;67.43514333526966;48;Houston;Finance;Yes;77457.39407953933
61;66635.8107189738;15;78.5174572687503;62;New York;IT;No;95679.70061163603
36;44558.93129773328;3;74.7069885678173;36;Los Angeles;Finance;No;61022.72043015533
59;42461.008090906515;37;67.32170734792803;59;Los Angeles;Education;No;94681.67740011976
58;36560.01789778247;26;67.84153458672135;68;New York;Finance;No;71805.72907391978
54;36036.78208709894;8;66.85527885554919;40;New York;Retail;Yes;56970.17448872298
23;55298.11091761765;15;65.0744438623612;76;New York;Finance;No;76066.97708059466
69;49703.22027177551;11;84.34033759972336;42;New York;Retail;Yes;70387.86635467738
43;40645.9184760619;30;82.99393358620438;39;New York;Retail;No;80220.83010292632
51;26768.55616815082;23;84.35674456385793;30;Los Angeles;Retail;Yes;53088.38405068354
62;51592.68151733318;13;75.04499548768524;76;New York;Retail;No;73272.19278490274
23;42956.71731408;24;72.57371212199844;76;New York;Healthcare;No;67358.24634894889
54;47070.53456626859;33;72.75617890108663;53;Chicago;Education;Yes;75900.0990230972
50;54569.92743047122;2;85.21101572906107;29;New York;Finance;No;61816.656108610376
39;12472.957079182052;23;56.79852178004171;29;Los Angeles;IT;Yes;74276.60707855858
38;27000.88094436313;8;69.85513896642577;62;Chicago;IT;Yes;66425.21784478729
23;84446.64615207782;25;66.12654372495582;79;Chicago;IT;Yes;110676.15291776932
23;42400.84239950574;19;88.59887546588408;25;New York;Education;No;69241.37129123953
65;12238.503464037065;39;70.22542476552881;55;New York;IT;No;76151.4115027299
21;28250.89730725621;9;58.64011164560226;43;New York;Retail;Yes;52142.17305915577
47;87267.0105296215;18;77.2342364224679;31;Los Angeles;IT;Yes;106769.26046637924
28;39455.0380959524;2;71.29885805106086;62;Los Angeles;IT;No;62067.68222099781
47;67385.22867345734;23;69.43071192315038;74;Los Angeles;Retail;Yes;84465.12617090528
48;51816.76997505808;4;68.39968043274172;42;Houston;Education;No;68840.07059109335
41;42725.49443751543;2;68.00515220839193;46;New York;IT;No;70199.62137889974
26;61631.682061446394;26;82.08560314856645;77;Chicago;Healthcare;No;92060.57776308831
20;14234.649869655681;15;77.23787366557843;76;Houston;Healthcare;Yes;50696.343452102104
68;28383.010702150958;14;73.0203424436947;64;Phoenix;Finance;Yes;70559.22571596292
48;42614.73481790659;34;64.01761123153663;56;Phoenix;Retail;No;83075.24452748
57;29856.434025955878;11;73.31106676612079;25;Houston;Retail;Yes;63974.0144685177
54;41288.33317244043;25;77.60627857600026;20;New York;Finance;Yes;90192.13749885357
53;62805.69568524242;33;77.98654448259491;25;Chicago;IT;Yes;122930.17319780291
41;51982.050820039716;22;76.60884382991769;69;New York;Healthcare;No;89338.8634163847
48;69959.25553264385;30;65.77407333172472;41;New York;Retail;No;101831.53687757812
23;52930.62926527616;19;50.96823407407981;60;Chicago;Retail;Yes;75097.81503000531
19;64886.9124724179;11;92.99618760051933;43;New York;Healthcare;No;73718.63665560492
37;49038.945498072535;22;61.903631258914686;44;New York;Retail;Yes;79744.87792480983
45;41145.86774960326;3;55.35042041333062;34;New York;Retail;No;59075.5888572224
28;72208.52083312832;22;76.30515613004096;45;New York;Retail;Yes;90772.27759887971
21;39359.745680959;0;57.91481496769279;27;Los Angeles;Education;No;63520.64668783535
32;55157.67234686449;24;66.95201251425115;70;Houston;IT;No;92461.87718722
23;61533.4604483671;1;80.48850425808828;43;Los Angeles;Retail;Yes;814582.0318915697
66;62622.39056706285;29;92.72687268474046;67;New York;IT;No;89721.5409597443
47;32518.359946699708;2;78.87511808272377;57;Los Angeles;Retail;Yes;50258.74596358611
55;65779.25608742399;20;70.6084072912312;25;Houston;Retail;No;83082.98185404259
68;35315.67130839095;24;74.48580445593159;73;New York;IT;No;86744.653975311
19;62160.55483024991;19;56.914140428250974;54;New York;Retail;No;85378.27753556076
32;58027.602065736486;21;70.4924789083485;61;Phoenix;Retail;Yes;97736.44690212776
28;62279.45992669847;20;70.50218396073056;20;Chicago;Retail;No;78881.93901922263
25;31924.94718351459;32;76.5332866213718;79;Chicago;Retail;Yes;81728.55622932411
43;58818.94614101587;37;94.42189612693771;65;Chicago;Retail;No;113771.63272473715
68;66283.90514612258;14;55.63204711267761;55;Los Angeles;IT;No;95724.79293269356
62;52900.93674742611;14;70.92322388425514;77;Houston;Retail;No;69183.27323175858
61;37720.74980593135;24;56.66490456008154;31;New York;Healthcare;No;69845.44129852248
22;63796.214214919855;20;69.96635906749492;57;Houston;Finance;Yes;84467.64953279606
23;51708.79442151155;23;66.35397858882007;30;Houston;IT;No;86285.78560611318
43;24883.33604258456;4;60.056536924986;31;Chicago;IT;Yes;44093.35341487893
21;36557.1580652501;5;84.13092030529779;61;New York;Education;Yes;866624.2868341962
36;42105.58203159539;22;77.5564770385043;69;New York;Healthcare;No;83563.59302952861
37;72587.27431459485;3;82.95855629654045;58;New York;Retail;Yes;70833.31708161664
50;69952.7462945932;26;69.68346175332505;26;Houston;Retail;Yes;87903.25588941271
37;69904.52796585014;17;74.29283524219917;30;Chicago;Retail;Yes;82685.34808642969
66;53485.404165258;20;90.94640641216314;55;New York;Education;Yes;71915.37906463203
29;63703.921876687986;27;74.97279804890887;71;New York;IT;Yes;93829.83390948406
64;32888.30886971164;34;83.07956549159441;50;New York;Retail;Yes;92071.03714406768
18;50102.04647589157;21;68.8254369728327;52;Los Angeles;IT;No;83250.480978075
43;56774.490524743946;39;82.1601734336426;32;New York;Finance;No;108636.1052950002
31;33876.5141403632;22;69.51080640194698;37;Los Angeles;Finance;No;83671.35703677396
55;53148.68134462805;2;56.035776239403276;60;New York;IT;Yes;58259.7295473168
54;75299.58778706516;39;74.92417112078958;77;New York;Finance;No;111078.89151194051
28;58381.546768409404;9;70.29696857396038;75;New York;Education;Yes;61370.71233164152
53;63763.178099961806;24;58.75218640602738;43;Phoenix;Finance;Yes;95766.27880194025
30;13213.896148516062;7;76.91492851673173;28;New York;Finance;No;47172.06659141004
60;73369.53273729386;10;66.06473515046679;50;Houston;IT;Yes;86510.14797364734
20;47208.16478371745;4;105.92641278462682;74;New York;Healthcare;No;66555.72909146531
50;38469.705288949364;36;60.35557766586332;60;Los Angeles;Finance;No;84062.76233522681
23;47380.43222285105;37;62.870750575498604;29;Chicago;Retail;Yes;91080.19066232897
67;27724.667625786533;28;83.6955110664779;79;New York;Retail;Yes;614922.5835398647
27;65719.13092628213;4;73.6697811935991;21;Los Angeles;IT;Yes;80267.11829700689
22;44969.06415839311;8;83.49202309262218;57;Houston;Retail;Yes;59126.0646633628
40;38920.53781960896;1;78.80391053897901;34;New York;IT;No;53758.22789363958
27;47479.17401467452;0;69.17692872068818;22;Phoenix;IT;No;66995.99343745311
61;66770.23481864211;39;61.20907606920368;62;Chicago;IT;Yes;100932.3529746536
19;51971.87601171831;29;85.71083080728032;50;Los Angeles;Retail;Yes;83263.01553470881
30;28854.593456997995;10;62.11549814410701;25;Los Angeles;Finance;No;51903.858259992165
57;56974.71244611623;27;80.58905961164162;22;Chicago;Education;Yes;99001.54952773955
19;36065.300685160626;11;84.18998757256848;75;Los Angeles;Healthcare;Yes;63597.48819887616
37;17658.48452937775;38;73.73082195970039;30;Los Angeles;Finance;Yes;99340.0840237973
18;72440.10819075767;25;71.95852464312198;34;New York;IT;No;89654.54601882426
54;56858.448122415335;12;65.1627389533898;64;New York;IT;Yes;90466.77714068624
26;48825.94004294878;7;79.62742716704302;71;Phoenix;Healthcare;Yes;69006.0136546094
34;44815.85727954952;27;44.54071168918388;47;New York;Finance;No;88798.73603888672
26;70956.19251099974;29;82.1572633905681;29;New York;Finance;No;106362.5519846943
28;96307.32725297607;8;76.19476340975714;57;New York;Finance;Yes;89892.6427583495
32;56731.707778497745;38;72.77184300280318;66;Chicago;Finance;Yes;103152.55261059717
41;34555.47976508186;30;77.42302274663848;76;New York;Retail;Yes;83993.97890816985
55;47683.017216980355;20;61.26443608067871;69;New York;Healthcare;Yes;58760.729547474824
52;56458.59008141074;33;50.87007311924117;69;Houston;IT;Yes;98822.95922629273
47;14757.075395122018;30;79.68575069953961;26;Chicago;Retail;Yes;74388.36914924052
48;55017.48802667177;24;88.1654617218469;34;Chicago;Education;Yes;80378.31497275466
66;56546.37694239618;11;57.60598028063263;37;Phoenix;IT;Yes;84032.4735275453
22;69895.1329698083;0;64.47519923003587;37;New York;Retail;No;60502.12589012074
61;68331.8495355958;21;82.52324893027436;71;Phoenix;IT;Yes;93361.49589765271
67;51667.58240434304;39;78.58889759946852;60;Los Angeles;Healthcare;Yes;85351.86825693211
31;72719.55359870537;36;104.63108456306708;43;Chicago;Retail;Yes;104976.52807436032
28;80535.17478558134;0;85.75657468825898;21;Chicago;Retail;Yes;81979.41526443929
26;50419.2718286669;0;83.35424471893049;59;Phoenix;IT;No;63143.76302128131
51;56272.80617701623;20;67.36211300005118;39;New York;Healthcare;Yes;83209.05530757036
29;23490.539703341357;14;80.24805796390683;53;New York;Healthcare;No;70738.28611161803
52;28235.40106338368;16;89.9541366247537;62;Chicago;IT;Yes;84172.29136030732
52;37427.05528985722;21;73.35609234927094;45;Chicago;IT;No;82868.39183995477
18;43345.7254322442;37;73.82785426262868;26;New York;Finance;Yes;97489.83870867509
57;33558.15462892897;34;76.41353526606933;57;Houston;IT;Yes;80545.80191671282
39;49460.068820341374;15;68.35501318527766;49;Phoenix;IT;Yes;68899.3313457
46;43794.36248488072;7;77.68963514123314;61;Chicago;Retail;Yes;63850.77621609724
25;66063.42847009424;16;77.43972138275682;24;Los Angeles;Healthcare;Yes;97333.11754978097
28;42878.39531774438;16;89.79986413180657;30;Phoenix;IT;Yes;65965.81327724094
58;15699.230776767581;25;73.10607557489297;20;New York;Retail;No;69436.70701806451
54;51886.2675880313;12;81.74728546063507;53;New York;Finance;Yes;81595.79624845297
31;49787.029633829916;16;73.40434718007948;75;Los Angeles;Retail;Yes;95939.08502246399
47;37069.251778932594;37;81.39759441782245;20;Houston;IT;Yes;88813.47236633213
52;51424.99825245555;16;72.49941544208102;38;Houston;Retail;No;70119.41393984397
38;33871.03117660498;13;80.73472986945207;21;Chicago;Retail;Yes;66397.32235574849
54;54947.59930435014;5;82.28235829088447;40;Phoenix;Finance;Yes;79223.04503202891
22;89493.86655394777;34;64.33343866942191;39;Chicago;IT;Yes;106034.64911716492
36;22915.917906398507;13;86.023754206706;42;New York;IT;No;61437.320269170945
31;42256.3686948626;7;73.33522613051979;40;Los Angeles;IT;No;69664.37177024015
43;39852.423178262965;14;70.30203305373851;43;New York;Retail;Yes;53811.79261371649
21;43501.101747686844;26;67.89991888329978;23;Los Angeles;IT;Yes;89881.64301252924
42;65298.86869395462;12;77.98200278098241;31;New York;IT;Yes;84475.34612222326
62;58142.39838978537;30;74.95378311096478;41;Houston;IT;Yes;92280.58012404901
59;62731.49753909635;34;78.70807185541686;39;Los Angeles;Retail;Yes;886996.2990065169
42;50457.43257130397;5;78.9022078431848;37;Houston;Retail;Yes;67285.48753326456
35;30168.510200827135;4;81.08584645350179;20;New York;Retail;Yes;47323.88739606444
57;33279.719581100304;21;102.76284116153059;49;New York;Finance;Yes;76498.03478370194
25;61193.89561199889;22;75.3969175733185;52;Chicago;Retail;Yes;90506.1375690573
56;52562.47847619946;24;67.65426613427427;43;Phoenix;Healthcare;Yes;76382.89074489452
57;68903.11109118257;33;54.801866676617664;33;New York;Finance;Yes;99462.61660530895
31;54398.931548701956;25;63.046832018094136;55;Chicago;IT;Yes;100019.41113001399
49;32254.775100018123;4;87.35348650752911;24;Los Angeles;IT;No;62361.77205040826
68;42171.47278725268;25;82.19924506773107;30;New York;Education;No;80260.59964030396
55;58472.21224524395;19;61.500139534850064;43;Chicago;IT;Yes;88404.44933798286
50;60654.98744357939;5;99.6421244099922;79;Houston;Finance;Yes;931057.5299939214
40;62826.62948232032;5;78.26764477661509;50;Phoenix;Retail;Yes;80311.36730560621
32;34272.1383019221;17;79.60316719880339;74;Houston;Finance;Yes;82757.91838790354
50;31984.547508846124;3;97.4422517993608;32;New York;Retail;No;62454.561232869266
42;47152.96220378869;16;92.39455720828212;35;Los Angeles;Finance;Yes;59095.95342319422
34;71601.10274800182;13;82.8113747583216;43;Phoenix;Finance;No;91626.62569983542
50;39591.975187879725;13;83.29213940826256;32;Chicago;Finance;Yes;62446.092008092084
64;56824.578359014595;12;84.22785096170867;43;New York;Education;No;78067.98160395504
19;56825.917084084474;6;72.59032868287984;73;Houston;Retail;No;64359.44203674772
31;61411.5912450592;14;77.86792897544197;45;Houston;Finance;No;588294.8546326258
57;74966.60380922316;18;80.74320494074712;21;Phoenix;Finance;Yes;87854.47385447538
57;73428.59637149159;34;73.73217405621588;35;New York;IT;No;102818.91910243599
68;41080.91249240742;16;65.34580490284446;57;New York;IT;Yes;69559.89758626264
56;18531.568380369892;34;72.33869598691332;65;Los Angeles;Retail;No;82639.1475808885
68;39822.05996952886;18;65.12067392094079;20;Los Angeles;IT;No;82239.87734468623
23;51135.08441070853;19;75.6437257087223;68;New York;Retail;Yes;70354.08575641483
23;44575.320834715145;35;57.19542847993487;30;New York;Retail;No;76800.85354214243
20;79518.48414392202;34;78.41038510507548;70;Los Angeles;IT;No;99378.19692055877
24;50281.70456474674;31;58.68725504431835;54;Houston;Retail;No;79778.35305111716
68;59805.67820384291;39;70.96526940006996;62;Houston;Healthcare;Yes;110049.24382235688
25;53258.214644710155;23;80.04101074480846;48;Phoenix;Retail;No;78741.81187350462
59;44800.50224763767;16;82.9114671151253;56;Chicago;Retail;No;69388.38510513197
69;21127.824830560003;6;81.72359208883502;36;Phoenix;Retail;No;42434.542418370336
32;48820.73542187772;0;78.1973391447388;77;New York;Healthcare;No;76447.69379788764
64;98819.7093973119;34;63.807266847525085;73;Phoenix;IT;Yes;122331.66202438946
46;31333.124002432494;31;84.80608354866757;58;Los Angeles;IT;Yes;74688.83656305115
50;22776.904334386632;35;64.03598635494889;61;New York;Healthcare;Yes;76108.60973133537
69;79045.83953853365;12;85.94575820454325;47;New York;Retail;Yes;88701.84967182436
47;61131.24454804002;5;81.27704757481705;48;Chicago;Finance;No;68111.147189692
56;52811.29820785155;13;88.58901514739537;62;Phoenix;IT;Yes;75660.71799567588
44;70440.10793550586;36;75.24868484016297;22;New York;Education;Yes;98484.81067661989
53;37527.470855658554;14;66.81235892788979;71;Chicago;Retail;Yes;61179.30725572473
46;48401.07858628022;3;62.0734747584075;29;Chicago;Retail;Yes;71654.03366621629
55;64327.311753512346;39;63.18420665427074;78;New York;Retail;Yes;90891.08574489894
50;81655.31551730593;15;58.63225251392987;61;Los Angeles;IT;Yes;107339.72900671206
54;32471.835280150874;27;84.42002916936565;33;New York;Healthcare;Yes;75396.99484754264
44;69211.01687840592;15;85.674169530324;31;Los Angeles;IT;No;89855.57169982643
50;55727.58591261476;3;80.53699925256848;66;New York;IT;No;77249.20433248208
21;52445.916011441244;25;74.66959087926722;61;Los Angeles;IT;Yes;85994.41518857908
39;49884.061666178924;27;95.60959436462512;49;Los Angeles;IT;Yes;93197.2973661375
19;29230.30068958095;31;74.01851517035992;51;Chicago;IT;Yes;79195.89167650312
27;64446.33497319548;1;77.20916808143893;51;Houston;IT;Yes;85613.57881047462
22;38265.96469510508;30;74.5214848667088;61;Houston;IT;No;80284.41506851681
27;33804.639462464795;2;71.61691933536552;51;New York;IT;Yes;50903.5199726599
50;63281.88438350507;7;81.30974489831098;45;Los Angeles;Retail;Yes;70722.5010544751
55;61837.010377200175;23;68.66503310795477;70;Los Angeles;Healthcare;Yes;84173.49144522993
30;51185.00125416594;14;67.9942217348536;20;Houston;Retail;No;68918.94145649248
48;66193.15431217462;30;81.81469385409355;75;New York;Retail;Yes;787442.7701484498
64;71389.04872218672;8;70.02391633437661;77;New York;Finance;Yes;75735.07913311277
53;69623.3611673831;38;76.3348202807518;61;Chicago;Retail;Yes;99168.06348823688
62;42075.8153989703;1;71.58671880236473;21;Los Angeles;Finance;Yes;52607.20191437234
41;65211.573969195684;7;74.88448701773352;36;New York;Finance;No;77957.91403623426
69;53174.614662629734;6;68.26710881533376;49;Los Angeles;Retail;Yes;63596.83021360426
32;75888.61655528561;38;68.59411247250907;75;Houston;Finance;No;105950.95053338665
46;48144.0749559924;15;66.80267878189716;58;Chicago;IT;Yes;80413.50265012805
25;44652.92543947504;34;83.43330109861452;26;New York;Retail;Yes;83896.9984230354
22;40793.04684735685;29;76.7188483425133;71;Chicago;IT;Yes;88081.47998628806
46;52839.31841353333;9;84.18550823793665;46;Los Angeles;Healthcare;No;74088.17488088789
64;57000.88201388156;37;85.25386564543962;28;Los Angeles;Healthcare;Yes;90198.81188056293
21;57289.43424390907;17;70.40085672864326;41;Phoenix;Healthcare;Yes;91587.22141789581
29;55237.58810467785;4;83.81584984388563;53;New York;Education;Yes;50083.66411666843
62;60065.55519019709;28;74.85879278066567;65;Los Angeles;Retail;No;88428.03638330958
19;46661.87246128403;38;73.41326494520749;68;New York;IT;No;112263.39374594607
44;36912.27026612193;33;87.52367096660775;20;Los Angeles;Retail;No;83805.26117180631
48;35602.58004629528;22;80.53768462815432;28;Chicago;IT;Yes;93165.4601584516
68;64625.76642955202;4;71.47575744936273;39;Houston;Retail;Yes;64667.944905261946
68;57054.83465792435;29;79.88793315526648;72;New York;IT;Yes;85606.06706477095
53;22162.43343574514;5;62.34287347830411;38;Phoenix;Finance;Yes;53258.648664856024
53;66451.30140199911;3;77.47312981139616;55;Los Angeles;Retail;No;70351.61339911455
43;78206.52719603982;28;60.00408449141816;79;Chicago;Retail;No;99841.540147203
60;39261.24723862201;22;65.15600374131817;59;Chicago;Finance;No;64717.469697169174
44;55042.40069414062;5;80.84639698269119;64;Houston;Finance;Yes;66302.69515840137
22;42898.12859551461;31;48.2975400257319;23;New York;Education;No;79843.22970151182
37;59424.6038820675;17;93.02511859074755;28;Los Angeles;IT;No;82836.96120845867
28;32509.866663871624;14;83.34492720704601;60;Houston;Retail;Yes;60186.44817329927
27;48928.31514351829;39;56.614668775102615;41;New York;IT;Yes;94499.51402137526
57;64719.71191998172;31;98.9849860669323;37;Phoenix;Retail;Yes;99831.39972659654
55;68535.6760894826;8;101.74103892486018;31;Chicago;IT;Yes;75041.61310886045
23;56397.43728379533;36;73.19508341010261;61;Phoenix;Finance;No;99813.52666820852
25;44914.32045185391;9;65.73510935299757;62;Chicago;Retail;Yes;61546.546948270145
40;26110.98373484587;19;91.86303574202864;58;Phoenix;Finance;Yes;64910.8290778075
64;38636.754331410775;5;71.5620986255974;28;New York;Retail;Yes;58829.95206675609
43;42960.898928678296;2;76.61039507812853;25;New York;IT;Yes;60502.68283672841
63;39533.99325047579;10;87.17289733922767;38;Phoenix;IT;Yes;78865.48640176468
60;50893.29452470423;16;73.46488536206803;67;New York;Retail;No;71129.92851718297
29;44871.68395743072;31;72.58945749683332;66;New York;Healthcare;Yes;90763.70222091471
43;52581.820585031644;3;62.27605022794781;26;Houston;Retail;No;77174.90860653792
30;68039.40951571496;3;68.69456904261985;35;Los Angeles;Retail;No;67353.25818587685
57;43903.066681559576;16;72.39230153743932;24;Phoenix;Finance;Yes;62688.67145734847
35;29256.995341186626;18;62.61436810965333;35;Chicago;Healthcare;No;69158.01299761995
42;39474.38602812687;4;63.520641817906224;20;Phoenix;Retail;Yes;45727.94567441174
50;58753.82704959908;31;75.3360131664399;70;Los Angeles;IT;No;97698.15838659172
64;60169.156774290095;21;56.5029585432804;56;New York;IT;No;94226.65120795468
57;56091.27795524351;5;66.20836984378668;58;New York;Retail;Yes;70647.04431922866
60;69511.05958832023;34;94.44593993597022;38;New York;Retail;Yes;91668.33330454676
29;47204.55395184522;21;71.54531352859928;73;New York;IT;No;80631.35456865586
61;80782.49222013986;0;70.29276591796149;56;New York;Healthcare;Yes;77314.66884526152
53;62272.8070415886;19;71.5005416548516;36;New York;Retail;Yes;76382.93301986314
65;12147.687946881837;21;71.65847618545668;45;Houston;IT;No;475353.4083888709
21;77009.8794494535;10;80.74868869838383;41;Houston;IT;No;83104.50890949686
22;38495.20084796417;12;80.04866153177801;27;New York;Finance;Yes;61106.76277839227
54;34488.48215814604;2;71.0924158693548;52;New York;Healthcare;Yes;54039.62791375285
25;57856.566647493404;8;72.86162576862057;21;Chicago;Retail;Yes;61549.0250360943
59;23927.292914951846;11;88.1277311799006;49;Chicago;Retail;Yes;56052.949653643904
66;39567.9615301758;22;59.896952455297495;66;Phoenix;Retail;Yes;83795.06464805492
45;73356.47810936312;13;74.42417983451278;39;Los Angeles;Retail;No;67627.59146239312
48;58343.26368496254;32;76.35246540351231;79;Houston;Education;Yes;96963.47533473893
26;62183.5967140883;17;67.23317139900885;37;Chicago;IT;Yes;95982.90574276238
68;40146.340992537895;8;73.84863396508703;62;Los Angeles;Retail;No;65305.11701466322
46;26924.45001547845;22;65.88323539198116;76;Houston;Retail;Yes;72794.5609643391
31;60602.26143970601;9;81.37169070701503;29;Houston;Finance;Yes;66215.11308150068
57;63953.84234362926;18;61.61793344495621;43;Phoenix;Retail;No;71899.6417052121
58;63274.90079121665;4;85.62333662420059;75;Chicago;Retail;No;81489.73892192075
39;53136.03845176798;22;74.26694842910443;23;New York;IT;No;100492.36625470518
28;35493.97634791894;29;70.51966140566289;56;Chicago;IT;No;84724.75922612166
40;86566.54382089595;24;64.95302900345726;23;Los Angeles;IT;Yes;99405.62469970813
18;57196.81164476264;27;85.30657795987464;32;New York;Education;No;82452.29809497543
63;47391.70037616248;33;68.48137865966041;44;Houston;Retail;Yes;78532.58113385574
54;47458.26143774948;24;63.32751440505517;32;Houston;IT;Yes;82724.14198289791
38;52243.96217110331;9;85.51463319008118;37;Los Angeles;Finance;Yes;66287.63723101212
43;66044.12393236971;13;65.95694186505341;78;Los Angeles;Retail;Yes;77531.48370820873
63;52844.42184958179;29;74.05517685855513;43;New York;Healthcare;Yes;86917.78448671415
53;62877.697301712455;24;83.18803775737263;21;New York;Finance;Yes;81242.13104640912
40;52270.96531839811;13;76.57957602780954;67;New York;Healthcare;Yes;77976.45405968241
18;48314.69162794429;34;92.30851545869973;52;Houston;Retail;Yes;95003.59583978665
68;59618.75589992583;33;66.65049631712323;77;New York;Retail;No;96404.38118572225
57;59049.29050510695;9;72.89488663400259;38;Los Angeles;Healthcare;No;91689.09054604435
32;47455.48821357267;34;73.66821859732318;28;Houston;IT;Yes;87911.07796167492
38;38761.89563428611;10;81.21234952573995;47;Chicago;Finance;Yes;66478.72031277364
64;55125.93372110652;10;87.88623127838093;54;Los Angeles;IT;Yes;77501.67196509977
26;51175.23003443891;20;75.73616509628697;76;New York;Retail;Yes;72609.55202654561
26;41676.92430843864;20;73.62336169639715;58;Chicago;Retail;No;59203.6456487236
27;37363.992761948044;21;60.170081321701346;29;Los Angeles;IT;Yes;79988.87223572307
69;56157.13765841685;6;76.12381189796695;20;Los Angeles;Retail;Yes;67987.90022295038
43;58251.425855415415;16;68.49699990003546;61;New York;Finance;Yes;71949.57742301165
58;44599.518280177086;1;81.1843631059877;40;Chicago;Retail;No;57508.555195760666
52;41300.94446130611;11;70.90315810781972;28;New York;IT;Yes;74548.09906203148
69;37546.17216444214;17;72.5936194562993;79;Phoenix;Healthcare;No;80176.17153789444
42;55733.82408717378;10;60.39731985416431;66;New York;Education;Yes;68435.83437228705
43;37940.34389538895;15;56.88547916237461;34;Los Angeles;IT;No;62599.15383342551
28;83617.01853531096;17;93.6098704018361;54;Chicago;Retail;No;102711.7696429634
55;43845.778460435045;34;76.29683909565276;76;New York;Retail;Yes;85118.2655440225
19;13621.785831910987;25;79.04335477630609;24;New York;Retail;No;66397.31483898299
24;49547.42500056298;15;65.87705036817246;60;New York;Retail;No;71674.58622550906
35;48904.49780271796;5;83.75523607178613;77;Los Angeles;Finance;No;65679.46604355193
44;66675.77851286283;11;81.9513989590436;41;Phoenix;Retail;No;97293.34917464791
51;54321.89355091556;12;66.9757280557719;60;Los Angeles;IT;Yes;82865.6378459834
44;37492.47224840296;3;64.40494564154613;42;Chicago;Finance;Yes;54471.40121070588
34;45704.12189754835;38;67.67472316172727;26;Houston;IT;No;84548.07335463402
60;54911.29657476482;1;74.71717351292888;75;Phoenix;IT;Yes;90518.71017075634
61;17529.28624534384;25;76.67107003140225;42;New York;IT;No;60573.86572539905
68;70079.32601585676;26;75.38394008238652;63;New York;IT;Yes;87174.71094764411
41;37532.45171293003;26;87.98730108640204;44;New York;Retail;Yes;79107.24268071834
42;71255.65731421426;14;67.85043149903942;46;Houston;Healthcare;No;80659.8981560419
24;55886.97711689883;7;64.1333800897108;60;Chicago;Healthcare;No;48035.675593459426
69;59443.912045909616;6;75.00099021851821;25;Houston;Education;Yes;79377.35444088471
23;67241.35154001908;39;58.06915184169054;74;Phoenix;IT;Yes;113096.54420416075
41;58596.980790387475;11;81.95737498510618;53;New York;Retail;No;78359.2880728818
50;60093.29324476177;12;75.97963264476127;28;New York;Retail;No;75297.74415624935
66;47533.75339307928;16;71.61961959090054;79;Houston;IT;No;74791.35575103594
46;55582.53022208143;16;71.06447126750861;68;Houston;IT;Yes;80481.55804836683
60;41187.53277542385;35;84.09995782121233;52;New York;Healthcare;Yes;108638.54409420301
39;44848.83350618049;20;83.78147935338531;70;Los Angeles;IT;No;86643.38668270549
43;79470.42571953362;7;72.53628141586647;79;New York;IT;Yes;84452.47638316723
45;37877.09622424367;4;80.9176882355788;25;Phoenix;Finance;Yes;62328.86349975082
67;52314.75689954421;25;83.63370461840339;56;New York;IT;Yes;93983.83810219205
38;51702.035550732144;15;78.35526225624713;50;Houston;Healthcare;Yes;69719.75870921147
66;45338.68292328801;35;72.94534980371274;53;Los Angeles;IT;Yes;94955.84772205385
24;57716.014048556564;27;78.81167707490602;60;Los Angeles;Retail;Yes;555188.8421747409
34;58845.831391120744;28;64.60913357070625;48;New York;Finance;No;312154.853119462
37;36112.71225278631;11;75.71105569293925;77;New York;Finance;Yes;60040.70442123351
58;51520.35067319827;36;72.66873744373743;33;New York;Retail;Yes;84528.59774882699
66;33764.48991841465;29;71.10134376206531;55;Los Angeles;IT;Yes;77127.49102952251
37;61828.22927475952;22;57.7347898813657;55;Los Angeles;Retail;No;84282.18388022408
39;52647.30965543938;15;64.72402248587571;72;Chicago;Finance;No;71112.03593278183
45;51234.94830075631;13;70.14105175874619;34;New York;IT;Yes;71876.1575658751
57;59885.470233086045;9;83.95039180638756;27;Phoenix;Finance;Yes;75683.10813455764
66;45867.34564297399;6;77.85823490403988;45;Los Angeles;IT;Yes;61756.601163807594
24;63710.329388273065;36;84.39674248027902;55;New York;IT;No;94569.06302352474
18;35773.32690865796;28;87.4291338240013;67;New York;Retail;Yes;84708.93092332857
49;71178.14778341791;2;78.29309145249495;40;Chicago;Healthcare;Yes;69165.88771705602
30;41736.33226167719;14;76.40293410680297;47;New York;Finance;No;55718.84851490805
47;24557.313984566186;35;65.2700600331479;23;New York;Healthcare;No;64611.651952861284
40;45071.97637305902;18;94.86671264573309;35;New York;Finance;Yes;70522.80912762642
68;43370.47704118687;12;60.82155928289809;41;New York;Healthcare;Yes;75698.09959020154
36;44958.89020774946;20;76.18734088208495;31;Houston;Retail;Yes;72531.8349198585
49;53474.720232259744;36;83.32799003545382;35;Houston;Healthcare;Yes;110650.65984853725
47;66467.63541332408;26;83.46737577531337;70;New York;IT;Yes;94885.03524830208
46;47124.41129154295;28;63.449109095606765;59;New York;Finance;No;85521.73747648399
66;39625.73645271649;19;70.8009699713241;57;New York;Finance;Yes;72180.8148016392
62;33101.79781574305;24;67.01045227882337;61;Houston;Retail;No;80377.5786038666
46;42977.25813036434;5;55.195657704339794;56;New York;IT;Yes;56149.69911412556
47;21682.62741124471;35;76.30326741744962;48;Phoenix;IT;Yes;81790.88654150226
33;39123.00359725458;1;67.82384603760023;37;Los Angeles;Retail;No;53439.30993921069
57;68660.80843793279;21;90.05482284711346;29;Phoenix;IT;No;95326.90943879003
36;37649.611931323656;31;81.15174438188672;61;Chicago;Finance;No;70311.68822114529
35;59430.73791200457;15;75.41401950214107;58;Los Angeles;Retail;Yes;80110.19563618473
18;31602.76865287265;17;70.27300467629131;37;New York;IT;Yes;72657.45608663444
31;76566.4384896583;4;76.15116069785675;20;New York;Retail;Yes;75739.8206185202
68;77564.10099597066;35;72.4412618408422;58;Phoenix;Retail;Yes;114108.56307445446
64;58865.323348398146;29;75.69539108893109;40;Los Angeles;IT;Yes;91008.00590781475
67;79868.78902465283;18;94.01635770831969;20;Phoenix;IT;No;90052.92853244024
19;55336.89462391493;22;64.35243844652322;34;New York;Retail;Yes;76364.24108165344
45;61527.75671224334;33;73.31358131351726;23;Houston;Healthcare;No;492912.69765099057
66;68929.00815097302;12;82.06388400302224;79;Los Angeles;Finance;Yes;87994.42996031213
67;52695.77679647674;28;70.99859158214176;39;Phoenix;Retail;No;84003.6681454367
47;26714.338076224078;35;90.8054184060837;29;Chicago;Retail;Yes;328028.8965003547
55;61834.450328515966;21;81.78459153011838;42;New York;Retail;Yes;87054.19997092175
68;42922.106083498045;35;67.81109584830376;60;New York;Healthcare;No;100259.8438497094
21;44037.0526856681;8;77.04068702274982;53;New York;IT;Yes;52927.09620843893
18;54468.42374718035;38;67.953912658122;79;New York;Retail;No;82722.15243759847
25;58494.21319576056;18;67.03341685645906;65;Los Angeles;Healthcare;Yes;70188.33720932795
46;52252.01951009327;37;73.5980202029042;67;New York;Finance;No;100643.40466178593
56;59535.943042359635;5;87.63761161901782;52;New York;Healthcare;No;66425.52355889886
20;39397.142989097054;14;82.45445039784717;53;Los Angeles;Retail;Yes;67397.40373798426
49;49359.44307915075;19;74.77422393502744;58;New York;IT;Yes;82013.65244852199
27;62736.28175676306;8;82.81186194802393;29;Chicago;Retail;Yes;62739.21400825908
27;76591.86764655073;31;77.68618710415828;73;New York;IT;Yes;101452.57202423
36;81896.53383459813;3;63.30106974374712;39;Houston;Retail;Yes;79466.86046769355
63;56494.65024091597;17;73.5486238081169;20;New York;IT;Yes;80358.48831924716
51;62600.14740118411;4;74.26840404018535;32;Chicago;Education;Yes;77161.94973028221
50;79723.68747222787;19;82.61690336925962;20;Phoenix;Healthcare;No;93775.7558683601
40;39937.45944899758;22;69.33529499397903;24;New York;Retail;Yes;932480.5147746496
45;59445.49779068875;10;65.8733542433923;35;Chicago;Retail;No;67598.30181656688
49;61525.14424229219;36;74.54453043213194;34;Los Angeles;Retail;Yes;98995.32676398873
67;71717.92154115117;21;68.54575496005447;68;New York;IT;No;100705.74715388601
24;32942.87929195666;3;71.76490780416364;47;Los Angeles;Retail;Yes;49895.34366866904
46;35908.91324299225;28;74.19120427108874;50;Chicago;Education;Yes;80936.43549348268
25;50320.733166570586;33;71.16955836275545;42;Los Angeles;Finance;No;87902.53498055082
18;55665.914934824534;12;84.63182742852817;67;Los Angeles;IT;No;83077.21962825894
20;66842.95930600712;8;89.14295106004421;64;Chicago;Finance;Yes;70369.38840278004
41;57763.15663718407;30;83.62910742958215;62;New York;Finance;No;103664.34593749045
40;47728.80154834574;6;57.28802834845136;36;Los Angeles;Retail;No;55900.28884627406
25;56246.92167134211;3;68.58026337698166;68;New York;IT;No;71196.38523812869
64;54515.66714411677;18;73.21347880967805;53;Los Angeles;Retail;Yes;68913.74077411657
54;76175.24644981683;29;56.53726740649924;32;Houston;Education;No;106127.30273969928
20;52484.884153527986;30;66.24108282850719;33;New York;Retail;No;81725.01250477646
68;44253.748796711545;34;73.0857003076745;30;Houston;Retail;Yes;88054.57965240124
50;56744.13545107745;20;70.51025918870938;47;Houston;Retail;Yes;66768.2498344821
45;52977.279790077984;30;75.08650177308918;61;Phoenix;Retail;Yes;96084.20960315509
64;26435.09966487992;18;61.19171638723046;51;New York;Finance;Yes;67887.79121282286
25;49765.21907566747;30;70.39717649283163;54;New York;Healthcare;No;89311.13362879983
51;48488.92631890992;31;76.5190975072658;78;Chicago;Retail;No;85518.23173248376
52;41841.92201331026;1;75.1020147142487;50;New York;Retail;No;38091.82727035205
49;65533.74931434458;9;79.46893577647883;36;New York;Education;Yes;84820.3879961814
41;38214.80605082006;1;78.88574361997533;66;Los Angeles;IT;Yes;65041.97841347865
31;56834.27929286808;1;70.92893031245835;28;Los Angeles;Education;Yes;60145.447281352426
49;47782.14500234404;23;76.20118883075122;29;Chicago;IT;No;85659.72723336666
63;51615.42508470174;16;67.00006905304963;27;Los Angeles;IT;Yes;69584.0320284986
60;56176.79436568801;31;72.29771680972712;40;Houston;Healthcare;Yes;85526.8618590859
33;30386.38424163498;15;64.44382528050294;32;Chicago;Retail;Yes;66425.69448276261
21;52874.913376021745;15;85.65424432276258;78;Los Angeles;Healthcare;Yes;84929.30938949951
69;84334.21234569809;38;72.26505699469269;69;New York;IT;Yes;112760.6200609941
54;26648.549811819135;30;85.63943446228063;24;New York;Education;Yes;74243.43345871949
38;49135.88054426743;23;78.11496068688446;25;New York;Retail;No;70911.92091203373
31;66848.5898723573;0;66.1433773834377;49;New York;Retail;Yes;65358.924826256574
48;54524.28871930396;10;77.5110659900152;50;Los Angeles;Education;No;63763.46807306196
65;60319.5042817405;20;83.09718265087845;36;New York;IT;Yes;93560.27628133021
35;14365.009833610762;3;74.22419208397487;30;Los Angeles;Education;No;48345.140423337616
24;58973.74061944926;6;75.74029352341239;39;Chicago;IT;Yes;880477.1665865324
27;38574.676906496024;25;69.48542691644921;67;New York;IT;No;69940.2963902636
24;54648.1592687472;11;75.24103226477348;28;New York;IT;No;78819.13897870337
50;49558.47903635763;30;77.37898188802141;21;Los Angeles;Healthcare;Yes;95634.26967288942
40;84174.9954374245;16;69.21184185881489;56;Houston;Finance;No;99366.46505141155
38;58200.42985648813;32;64.20704063320346;20;New York;Retail;Yes;92220.83605055186
36;48310.64256105821;10;87.87970499583194;23;Phoenix;Retail;No;65498.58144560446
65;27354.608611196683;27;81.04120505984741;55;Los Angeles;Retail;Yes;74493.5625979309
36;51817.203527748454;31;69.52341894628616;73;New York;Education;No;97468.27292370799
53;62348.43317520234;0;77.19657257158055;77;New York;Retail;No;85138.38665190451
46;48791.72162271165;27;60.21421332327011;44;Los Angeles;Healthcare;Yes;84387.50764921465
35;42415.15460093838;6;55.22929026089644;22;New York;IT;Yes;56259.71216020112
19;41411.20004230522;1;85.84133087477801;28;Houston;Retail;No;53067.98814633087
18;58027.12153182981;23;77.2955114026154;41;New York;IT;No;81025.21034487861
64;61390.819089637356;3;74.52297530515384;42;New York;Retail;No;68616.4259722917
22;70418.15172981677;18;77.32657204812953;31;New York;IT;Yes;86863.8798027066
37;35075.00160184463;25;107.26131658919701;29;New York;Retail;Yes;88523.29482196162
28;57889.66337626425;10;83.69095286245324;53;Los Angeles;IT;Yes;86503.09144729795
59;48174.44068373199;39;64.54559733625193;62;Phoenix;IT;Yes;104711.99532814669
19;48616.486930500796;10;58.19623608079675;29;Chicago;IT;Yes;74574.46153535925
20;56027.38781051003;2;85.54535763359416;49;New York;Healthcare;Yes;61113.226164100626
40;56114.843804374206;11;83.56095854230007;41;Phoenix;Retail;Yes;85426.42997157753
29;57931.521586873605;2;80.75060767550441;25;New York;IT;Yes;86475.8333255706
37;34137.932117062854;26;66.87120969100607;69;New York;IT;Yes;75850.01974892073
22;38752.82889250312;1;78.63285389883976;21;Houston;Healthcare;No;61341.913145912185
54;72288.02413276526;15;67.76654831256535;49;Chicago;IT;Yes;78079.36530020766
55;46691.4129877874;1;81.62781886020962;21;New York;Retail;Yes;61716.02151795063
47;54590.215970268444;29;84.82656907272342;51;Phoenix;Finance;Yes;96910.03207895164
26;65819.99468064778;19;69.56527241170465;61;New York;IT;Yes;87396.76525247362
51;56951.646085412285;37;86.31810161215424;35;New York;IT;No;115828.00395221378
61;58197.83946458059;27;76.1485239956271;31;Los Angeles;IT;Yes;93868.23555740205
52;63418.66518865635;24;79.91873212441985;20;New York;Retail;No;96990.48862693828
69;18250.043586544998;31;61.90366636309196;72;Los Angeles;IT;Yes;68169.54065805858
39;42650.74767259198;9;77.322145059549;27;New York;Healthcare;No;64819.731391802714
61;57029.08694749387;39;68.24415612585332;67;New York;Finance;Yes;94579.70272301958
41;70814.66460586486;32;79.74633454014173;69;Houston;Retail;Yes;102900.88669532076
34;50991.4333948366;12;89.67162669651262;32;New York;Retail;No;72587.87789653716
27;37329.25307365857;36;77.89520209316352;34;New York;Retail;Yes;94222.70839707911
47;37728.70925584246;15;65.99145093566817;72;New York;Healthcare;No;68403.03332551414
63;63257.918051796114;21;81.26466091777587;63;Phoenix;Finance;Yes;83041.24606977928
40;46733.3962641217;19;79.01788745787717;27;New York;Education;No;73798.71809839687
49;49891.99931314495;26;95.58601746400309;29;Chicago;IT;No;94662.42722316648
34;59225.45290658479;15;77.53967960900944;65;Chicago;IT;No;72174.51859446587
67;6477.144759596311;33;69.14525008775931;24;Chicago;Finance;Yes;70183.43751277217
68;80005.51267262122;31;82.70641225646378;69;Los Angeles;Retail;Yes;107277.499024206
34;39033.892474234075;25;73.72321927694406;38;New York;Healthcare;No;71932.77988633167
31;53629.04554210357;24;75.80250989711774;66;New York;Healthcare;No;88921.46245880991
26;24429.544797555933;1;65.71523969624448;57;New York;IT;Yes;54574.69099648234
57;43661.88334392443;11;73.77565187196586;78;New York;Retail;Yes;74043.59452016154
19;68670.32069547645;39;75.30804697490436;30;New York;IT;Yes;109198.42949385701
62;21257.49230501182;8;73.71651324263122;72;Chicago;IT;No;66339.05507142915
42;66893.00130783711;11;69.09112637569179;62;New York;IT;Yes;85332.84833080063
56;45894.55855651424;25;77.88229130345296;39;New York;Retail;Yes;72985.98370958604
26;57307.46660330288;8;65.76527583158166;39;New York;Retail;No;78988.04121990355
39;59862.86620227666;9;63.41005399476005;40;Phoenix;Retail;No;54952.6089165051
60;56621.322492363885;31;82.0953617072644;37;New York;IT;No;109597.43594420675
63;37025.7402255376;33;81.17750178087284;76;New York;Retail;Yes;66717.91696473639
21;44531.76280197465;19;61.92395519319648;69;Phoenix;Retail;Yes;77112.09163888312
43;28076.657341237766;38;56.70444953567537;29;Chicago;Healthcare;No;90910.68753437679
46;57376.9449738212;1;64.91257954603432;53;Houston;IT;No;82376.21689466509
62;75530.82731023888;0;73.71701005526802;45;New York;Retail;No;80667.74232322167
51;22633.38669985306;35;86.54349574765506;49;Los Angeles;Healthcare;No;86780.70983535888
40;38575.31140792947;23;73.4725543218748;28;Los Angeles;Finance;Yes;73165.6426668672
54;47273.370861756004;26;67.30638951271969;65;Chicago;Healthcare;No;74580.42294735675
28;52600.12135570331;1;76.48586229083061;70;Phoenix;Retail;Yes;54972.58136891988
23;63187.6445215164;30;73.8598388475042;50;Houston;Retail;Yes;87315.85542068497
35;47717.000294635;13;61.18992692547002;61;New York;Healthcare;No;76384.9642612083
